t,thrust,mass
0,0,0.01275
0.001,0.13215,0.01275
0.002,0.2643,0.01275
0.003,0.39644,0.01275
0.004,0.52859,0.01275
0.005,0.52924,0.01275
0.006,0.52989,0.01275
0.007,0.53053,0.01275
0.008,0.53118,0.01275
0.009,0.53183,0.01275
0.01,0.53248,0.01274
0.011,0.53312,0.01274
0.012,0.53377,0.01274
0.013,0.53442,0.01274
0.014,0.53507,0.01274
0.015,0.53572,0.01274
0.016,0.53637,0.01274
0.017,0.53702,0.01274
0.018,0.53767,0.01274
0.019,0.53832,0.01273
0.02,0.53897,0.01273
0.021,0.53962,0.01273
0.022,0.54027,0.01273
0.023,0.54092,0.01273
0.024,0.54157,0.01273
0.025,0.54222,0.01273
0.026,0.54287,0.01272
0.027,0.54353,0.01272
0.028,0.54418,0.01272
0.029,0.54483,0.01272
0.03,0.54548,0.01272
0.031,0.54613,0.01271
0.032,0.54679,0.01271
0.033,0.54744,0.01271
0.034,0.5481,0.01271
0.035,0.54875,0.01271
0.036,0.5494,0.01271
0.037,0.55006,0.01271
0.038,0.55071,0.0127
0.039,0.55137,0.0127
0.04,0.55202,0.0127
0.041,0.55268,0.0127
0.042,0.55333,0.0127
0.043,0.55399,0.0127
0.044,0.55465,0.0127
0.045,0.5553,0.0127
0.046,0.55596,0.0127
0.047,0.55661,0.01269
0.048,0.55727,0.01269
0.049,0.55793,0.01269
0.05,0.55859,0.01268
0.051,0.55924,0.01268
0.052,0.5599,0.01268
0.053,0.56056,0.01268
0.054,0.56122,0.01268
0.055,0.56188,0.01268
0.056,0.56254,0.01268
0.057,0.5632,0.01268
0.058,0.56386,0.01268
0.059,0.56452,0.01267
0.06,0.56518,0.01267
0.061,0.56584,0.01267
0.062,0.5665,0.01266
0.063,0.56716,0.01266
0.064,0.56781,0.01266
0.065,0.56848,0.01266
0.066,0.56914,0.01266
0.067,0.5698,0.01266
0.068,0.57046,0.01266
0.069,0.57112,0.01266
0.07,0.57179,0.01266
0.071,0.57245,0.01265
0.072,0.57311,0.01265
0.073,0.57378,0.01265
0.074,0.57444,0.01265
0.075,0.5751,0.01265
0.076,0.57576,0.01265
0.077,0.57643,0.01265
0.078,0.57709,0.01264
0.079,0.57776,0.01264
0.08,0.57842,0.01264
0.081,0.57909,0.01264
0.082,0.57976,0.01264
0.083,0.58042,0.01263
0.084,0.58108,0.01263
0.085,0.58175,0.01263
0.086,0.58242,0.01263
0.087,0.58308,0.01263
0.088,0.58375,0.01263
0.089,0.58442,0.01263
0.09,0.58509,0.01262
0.091,0.58575,0.01262
0.092,0.58642,0.01262
0.093,0.58709,0.01262
0.094,0.58776,0.01262
0.095,0.58843,0.01262
0.096,0.5891,0.01262
0.097,0.58976,0.01262
0.098,0.59043,0.01262
0.099,0.5911,0.01261
0.1,0.59177,0.01261
0.101,0.59244,0.01261
0.102,0.59311,0.0126
0.103,0.59378,0.0126
0.104,0.59445,0.0126
0.105,0.59512,0.0126
0.106,0.5958,0.0126
0.107,0.59647,0.0126
0.108,0.59714,0.0126
0.109,0.59781,0.0126
0.11,0.59848,0.0126
0.111,0.59916,0.01259
0.112,0.59983,0.01259
0.113,0.6005,0.01259
0.114,0.60118,0.01259
0.115,0.60185,0.01259
0.116,0.60252,0.01259
0.117,0.6032,0.01259
0.118,0.60387,0.01258
0.119,0.60454,0.01258
0.12,0.60522,0.01258
0.121,0.60589,0.01258
0.122,0.60657,0.01258
0.123,0.60724,0.01257
0.124,0.60792,0.01257
0.125,0.6086,0.01257
0.126,0.60927,0.01257
0.127,0.60995,0.01257
0.128,0.61062,0.01257
0.129,0.6113,0.01257
0.13,0.61198,0.01256
0.131,0.61266,0.01256
0.132,0.61333,0.01256
0.133,0.61401,0.01256
0.134,0.61469,0.01256
0.135,0.61537,0.01255
0.136,0.61605,0.01255
0.137,0.61673,0.01255
0.138,0.61741,0.01255
0.139,0.61809,0.01255
0.14,0.61876,0.01255
0.141,0.61944,0.01255
0.142,0.62013,0.01254
0.143,0.6208,0.01254
0.144,0.62148,0.01254
0.145,0.62217,0.01254
0.146,0.62285,0.01254
0.147,0.62353,0.01254
0.148,0.62421,0.01254
0.149,0.62489,0.01254
0.15,0.62558,0.01254
0.151,0.62626,0.01253
0.152,0.62694,0.01253
0.153,0.62762,0.01253
0.154,0.62831,0.01252
0.155,0.62899,0.01252
0.156,0.62968,0.01252
0.157,0.63036,0.01252
0.158,0.63104,0.01252
0.159,0.63173,0.01252
0.16,0.63241,0.01252
0.161,0.6331,0.01252
0.162,0.63378,0.01252
0.163,0.63447,0.01251
0.164,0.63515,0.01251
0.165,0.63584,0.01251
0.166,0.63652,0.0125
0.167,0.63721,0.0125
0.168,0.6379,0.0125
0.169,0.63859,0.0125
0.17,0.63927,0.0125
0.171,0.63996,0.0125
0.172,0.64065,0.0125
0.173,0.64134,0.0125
0.174,0.64202,0.0125
0.175,0.64271,0.01249
0.176,0.6434,0.01249
0.177,0.64409,0.01249
0.178,0.64478,0.01248
0.179,0.64547,0.01248
0.18,0.64616,0.01248
0.181,0.64685,0.01248
0.182,0.64754,0.01248
0.183,0.64823,0.01248
0.184,0.64892,0.01248
0.185,0.64961,0.01248
0.186,0.6503,0.01248
0.187,0.65099,0.01247
0.188,0.65168,0.01247
0.189,0.65238,0.01247
0.19,0.65307,0.01247
0.191,0.65376,0.01247
0.192,0.65446,0.01247
0.193,0.65515,0.01247
0.194,0.65584,0.01246
0.195,0.65654,0.01246
0.196,0.65723,0.01246
0.197,0.65792,0.01246
0.198,0.65862,0.01246
0.199,0.65931,0.01245
0.2,0.66001,0.01245
0.201,0.6607,0.01245
0.202,0.6614,0.01245
0.203,0.66209,0.01245
0.204,0.66279,0.01245
0.205,0.66348,0.01245
0.206,0.66418,0.01244
0.207,0.66488,0.01244
0.208,0.66558,0.01244
0.209,0.66627,0.01244
0.21,0.66697,0.01244
0.211,0.66767,0.01243
0.212,0.66836,0.01243
0.213,0.66906,0.01243
0.214,0.66976,0.01243
0.215,0.67046,0.01243
0.216,0.67116,0.01243
0.217,0.67186,0.01243
0.218,0.67256,0.01242
0.219,0.67326,0.01242
0.22,0.67396,0.01242
0.221,0.67466,0.01242
0.222,0.67536,0.01242
0.223,0.67606,0.01241
0.224,0.67676,0.01241
0.225,0.67746,0.01241
0.226,0.67816,0.01241
0.227,0.67886,0.01241
0.228,0.67956,0.01241
0.229,0.68027,0.01241
0.23,0.68097,0.0124
0.231,0.68167,0.0124
0.232,0.68238,0.0124
0.233,0.68308,0.0124
0.234,0.68378,0.0124
0.235,0.68449,0.0124
0.236,0.68519,0.0124
0.237,0.6859,0.0124
0.238,0.6866,0.0124
0.239,0.6873,0.01239
0.24,0.68801,0.01239
0.241,0.68872,0.01239
0.242,0.68942,0.01238
0.243,0.69013,0.01238
0.244,0.69083,0.01238
0.245,0.69154,0.01238
0.246,0.69225,0.01238
0.247,0.69295,0.01238
0.248,0.69366,0.01238
0.249,0.69437,0.01238
0.25,0.69508,0.01238
0.251,0.69578,0.01237
0.252,0.69649,0.01237
0.253,0.6972,0.01237
0.254,0.69791,0.01236
0.255,0.69862,0.01236
0.256,0.69932,0.01236
0.257,0.70004,0.01236
0.258,0.70074,0.01236
0.259,0.70146,0.01236
0.26,0.70216,0.01236
0.261,0.70288,0.01236
0.262,0.70359,0.01236
0.263,0.7043,0.01235
0.264,0.70501,0.01235
0.265,0.70572,0.01235
0.266,0.70643,0.01234
0.267,0.70714,0.01234
0.268,0.70786,0.01234
0.269,0.70857,0.01234
0.27,0.70928,0.01234
0.271,0.71,0.01234
0.272,0.71071,0.01234
0.273,0.71142,0.01234
0.274,0.71214,0.01234
0.275,0.71285,0.01233
0.276,0.71356,0.01233
0.277,0.71428,0.01233
0.278,0.715,0.01232
0.279,0.71571,0.01232
0.28,0.71642,0.01232
0.281,0.71714,0.01232
0.282,0.71786,0.01232
0.283,0.71857,0.01232
0.284,0.71929,0.01232
0.285,0.72001,0.01232
0.286,0.72072,0.01232
0.287,0.72144,0.01231
0.288,0.72216,0.01231
0.289,0.72288,0.01231
0.29,0.72359,0.0123
0.291,0.72431,0.0123
0.292,0.72503,0.0123
0.293,0.72575,0.0123
0.294,0.72647,0.0123
0.295,0.72719,0.0123
0.296,0.72791,0.0123
0.297,0.72863,0.0123
0.298,0.72935,0.0123
0.299,0.73007,0.01229
0.3,0.73079,0.01229
0.301,0.73151,0.01229
0.302,0.73223,0.01228
0.303,0.73295,0.01228
0.304,0.73367,0.01228
0.305,0.73439,0.01228
0.306,0.73512,0.01228
0.307,0.73584,0.01228
0.308,0.73656,0.01228
0.309,0.73729,0.01228
0.31,0.73801,0.01228
0.311,0.73873,0.01227
0.312,0.73946,0.01227
0.313,0.74018,0.01227
0.314,0.74091,0.01226
0.315,0.74163,0.01226
0.316,0.74236,0.01226
0.317,0.74308,0.01226
0.318,0.74381,0.01226
0.319,0.74453,0.01226
0.32,0.74526,0.01226
0.321,0.74598,0.01226
0.322,0.74671,0.01226
0.323,0.74744,0.01225
0.324,0.74816,0.01225
0.325,0.74889,0.01225
0.326,0.74962,0.01224
0.327,0.75034,0.01224
0.328,0.75107,0.01224
0.329,0.7518,0.01224
0.33,0.75253,0.01224
0.331,0.75326,0.01224
0.332,0.75399,0.01224
0.333,0.75472,0.01224
0.334,0.75545,0.01224
0.335,0.75618,0.01223
0.336,0.75691,0.01223
0.337,0.75764,0.01223
0.338,0.75837,0.01222
0.339,0.7591,0.01222
0.34,0.75983,0.01222
0.341,0.76056,0.01222
0.342,0.76129,0.01222
0.343,0.76203,0.01222
0.344,0.76276,0.01222
0.345,0.76349,0.01222
0.346,0.76422,0.01222
0.347,0.76496,0.01221
0.348,0.76569,0.01221
0.349,0.76642,0.01221
0.35,0.76716,0.0122
0.351,0.76789,0.0122
0.352,0.76862,0.0122
0.353,0.76936,0.0122
0.354,0.7701,0.0122
0.355,0.77083,0.0122
0.356,0.77156,0.0122
0.357,0.7723,0.0122
0.358,0.77304,0.0122
0.359,0.77377,0.01219
0.36,0.77451,0.01219
0.361,0.77525,0.01219
0.362,0.77598,0.01218
0.363,0.77672,0.01218
0.364,0.77746,0.01218
0.365,0.7782,0.01218
0.366,0.77894,0.01218
0.367,0.77967,0.01218
0.368,0.78041,0.01218
0.369,0.78115,0.01218
0.37,0.78189,0.01218
0.371,0.78263,0.01217
0.372,0.78337,0.01217
0.373,0.78411,0.01217
0.374,0.78485,0.01216
0.375,0.78559,0.01216
0.376,0.78633,0.01216
0.377,0.78707,0.01216
0.378,0.78781,0.01216
0.379,0.78856,0.01216
0.38,0.7893,0.01216
0.381,0.79004,0.01216
0.382,0.79078,0.01216
0.383,0.79152,0.01215
0.384,0.79227,0.01215
0.385,0.79301,0.01215
0.386,0.79376,0.01214
0.387,0.7945,0.01214
0.388,0.79524,0.01214
0.389,0.79599,0.01214
0.39,0.79673,0.01214
0.391,0.79748,0.01214
0.392,0.79822,0.01214
0.393,0.79897,0.01214
0.394,0.79971,0.01214
0.395,0.80046,0.01213
0.396,0.8012,0.01213
0.397,0.80195,0.01213
0.398,0.8027,0.01212
0.399,0.80344,0.01212
0.4,0.80419,0.01212
0.401,0.80494,0.01212
0.402,0.80569,0.01212
0.403,0.80643,0.01212
0.404,0.80718,0.01212
0.405,0.80793,0.01212
0.406,0.80868,0.01212
0.407,0.80943,0.01211
0.408,0.81018,0.01211
0.409,0.81093,0.01211
0.41,0.81168,0.0121
0.411,0.81243,0.0121
0.412,0.81318,0.0121
0.413,0.81393,0.0121
0.414,0.81468,0.0121
0.415,0.81543,0.01209
0.416,0.81618,0.01209
0.417,0.81694,0.01209
0.418,0.81769,0.01209
0.419,0.81844,0.01209
0.42,0.81919,0.01209
0.421,0.81995,0.01209
0.422,0.8207,0.01208
0.423,0.82145,0.01208
0.424,0.8222,0.01208
0.425,0.82296,0.01208
0.426,0.82371,0.01208
0.427,0.82447,0.01207
0.428,0.82522,0.01207
0.429,0.82598,0.01207
0.43,0.82673,0.01207
0.431,0.82749,0.01207
0.432,0.82824,0.01207
0.433,0.829,0.01207
0.434,0.82976,0.01206
0.435,0.83052,0.01206
0.436,0.83127,0.01206
0.437,0.83203,0.01206
0.438,0.83279,0.01206
0.439,0.83354,0.01205
0.44,0.8343,0.01205
0.441,0.83506,0.01205
0.442,0.83582,0.01205
0.443,0.83658,0.01205
0.444,0.83734,0.01205
0.445,0.8381,0.01205
0.446,0.83886,0.01204
0.447,0.83962,0.01204
0.448,0.84038,0.01204
0.449,0.84114,0.01204
0.45,0.8419,0.01204
0.451,0.84266,0.01203
0.452,0.84342,0.01203
0.453,0.84418,0.01203
0.454,0.84494,0.01203
0.455,0.84571,0.01203
0.456,0.84647,0.01203
0.457,0.84723,0.01203
0.458,0.848,0.01202
0.459,0.84876,0.01202
0.46,0.84952,0.01202
0.461,0.85029,0.01202
0.462,0.85105,0.01202
0.463,0.85182,0.01201
0.464,0.85258,0.01201
0.465,0.85334,0.01201
0.466,0.85411,0.012
0.467,0.85488,0.012
0.468,0.85564,0.012
0.469,0.85641,0.012
0.47,0.85717,0.012
0.471,0.85794,0.012
0.472,0.8587,0.012
0.473,0.85947,0.012
0.474,0.86024,0.012
0.475,0.86101,0.01199
0.476,0.86178,0.01199
0.477,0.86254,0.01199
0.478,0.86331,0.01198
0.479,0.86408,0.01198
0.48,0.86485,0.01198
0.481,0.86562,0.01198
0.482,0.86639,0.01198
0.483,0.86716,0.01198
0.484,0.86793,0.01198
0.485,0.8687,0.01198
0.486,0.86947,0.01198
0.487,0.87024,0.01197
0.488,0.87101,0.01197
0.489,0.87178,0.01197
0.49,0.87256,0.01196
0.491,0.87333,0.01196
0.492,0.8741,0.01196
0.493,0.87487,0.01196
0.494,0.87565,0.01196
0.495,0.87642,0.01195
0.496,0.87719,0.01195
0.497,0.87797,0.01195
0.498,0.87874,0.01195
0.499,0.87952,0.01195
0.5,0.88029,0.01195
0.501,0.88106,0.01195
0.502,0.88184,0.01194
0.503,0.88262,0.01194
0.504,0.88339,0.01194
0.505,0.88417,0.01194
0.506,0.88494,0.01194
0.507,0.88572,0.01193
0.508,0.8865,0.01193
0.509,0.88727,0.01193
0.51,0.88805,0.01193
0.511,0.88883,0.01193
0.512,0.8896,0.01193
0.513,0.89038,0.01193
0.514,0.89116,0.01192
0.515,0.89194,0.01192
0.516,0.89272,0.01192
0.517,0.8935,0.01192
0.518,0.89428,0.01192
0.519,0.89506,0.01191
0.52,0.89584,0.01191
0.521,0.89662,0.01191
0.522,0.8974,0.0119
0.523,0.89818,0.0119
0.524,0.89896,0.0119
0.525,0.89974,0.0119
0.526,0.90053,0.0119
0.527,0.90131,0.0119
0.528,0.90209,0.0119
0.529,0.90287,0.0119
0.53,0.90366,0.0119
0.531,0.90444,0.01189
0.532,0.90522,0.01189
0.533,0.90601,0.01189
0.534,0.90679,0.01188
0.535,0.90758,0.01188
0.536,0.90836,0.01188
0.537,0.90914,0.01188
0.538,0.90993,0.01188
0.539,0.91072,0.01188
0.54,0.9115,0.01188
0.541,0.91229,0.01188
0.542,0.91307,0.01188
0.543,0.91386,0.01187
0.544,0.91464,0.01187
0.545,0.91543,0.01187
0.546,0.91622,0.01186
0.547,0.91701,0.01186
0.548,0.9178,0.01186
0.549,0.91859,0.01186
0.55,0.91937,0.01186
0.551,0.92016,0.01185
0.552,0.92095,0.01185
0.553,0.92174,0.01185
0.554,0.92253,0.01185
0.555,0.92332,0.01185
0.556,0.92411,0.01185
0.557,0.9249,0.01185
0.558,0.92569,0.01184
0.559,0.92648,0.01184
0.56,0.92727,0.01184
0.561,0.92806,0.01184
0.562,0.92886,0.01184
0.563,0.92965,0.01183
0.564,0.93044,0.01183
0.565,0.93124,0.01183
0.566,0.93203,0.01182
0.567,0.93282,0.01182
0.568,0.93362,0.01182
0.569,0.93441,0.01182
0.57,0.9352,0.01182
0.571,0.936,0.01182
0.572,0.93679,0.01182
0.573,0.93759,0.01182
0.574,0.93838,0.01182
0.575,0.93918,0.01181
0.576,0.93997,0.01181
0.577,0.94077,0.01181
0.578,0.94157,0.0118
0.579,0.94236,0.0118
0.58,0.94316,0.0118
0.581,0.94396,0.0118
0.582,0.94476,0.0118
0.583,0.94555,0.0118
0.584,0.94635,0.0118
0.585,0.94715,0.0118
0.586,0.94795,0.0118
0.587,0.94875,0.01179
0.588,0.94954,0.01179
0.589,0.95034,0.01179
0.59,0.95114,0.01178
0.591,0.95194,0.01178
0.592,0.95274,0.01178
0.593,0.95355,0.01178
0.594,0.95435,0.01178
0.595,0.95515,0.01177
0.596,0.95595,0.01177
0.597,0.95675,0.01177
0.598,0.95755,0.01177
0.599,0.95836,0.01177
0.6,0.95916,0.01177
0.601,0.95996,0.01177
0.602,0.96076,0.01176
0.603,0.96157,0.01176
0.604,0.96237,0.01176
0.605,0.96317,0.01176
0.606,0.96398,0.01176
0.607,0.96478,0.01175
0.608,0.96559,0.01175
0.609,0.9664,0.01175
0.61,0.9672,0.01174
0.611,0.96801,0.01174
0.612,0.96881,0.01174
0.613,0.96962,0.01174
0.614,0.97042,0.01174
0.615,0.97123,0.01174
0.616,0.97204,0.01174
0.617,0.97285,0.01174
0.618,0.97365,0.01174
0.619,0.97446,0.01173
0.62,0.97527,0.01173
0.621,0.97608,0.01173
0.622,0.97689,0.01172
0.623,0.9777,0.01172
0.624,0.97851,0.01172
0.625,0.97932,0.01172
0.626,0.98013,0.01172
0.627,0.98094,0.01171
0.628,0.98175,0.01171
0.629,0.98256,0.01171
0.63,0.98337,0.01171
0.631,0.98418,0.01171
0.632,0.98499,0.01171
0.633,0.9858,0.01171
0.634,0.98662,0.0117
0.635,0.98743,0.0117
0.636,0.98824,0.0117
0.637,0.98906,0.0117
0.638,0.98987,0.0117
0.639,0.99068,0.01169
0.64,0.9915,0.01169
0.641,0.99231,0.01169
0.642,0.99313,0.01168
0.643,0.99394,0.01168
0.644,0.99476,0.01168
0.645,0.99557,0.01168
0.646,0.99639,0.01168
0.647,0.9972,0.01168
0.648,0.99802,0.01168
0.649,0.99884,0.01168
0.65,0.99965,0.01168
0.651,1.00047,0.01167
0.652,1.00129,0.01167
0.653,1.00211,0.01167
0.654,1.00292,0.01166
0.655,1.00374,0.01166
0.656,1.00456,0.01166
0.657,1.00538,0.01166
0.658,1.0062,0.01166
0.659,1.00702,0.01165
0.66,1.00784,0.01165
0.661,1.00866,0.01165
0.662,1.00948,0.01165
0.663,1.0103,0.01165
0.664,1.01112,0.01165
0.665,1.01194,0.01165
0.666,1.01276,0.01164
0.667,1.01359,0.01164
0.668,1.01441,0.01164
0.669,1.01523,0.01164
0.67,1.01605,0.01164
0.671,1.01688,0.01163
0.672,1.0177,0.01163
0.673,1.01852,0.01163
0.674,1.01935,0.01162
0.675,1.02017,0.01162
0.676,1.021,0.01162
0.677,1.02182,0.01162
0.678,1.02264,0.01162
0.679,1.02347,0.01162
0.68,1.0243,0.01162
0.681,1.02512,0.01162
0.682,1.02595,0.01162
0.683,1.02677,0.01161
0.684,1.0276,0.01161
0.685,1.02843,0.01161
0.686,1.02926,0.0116
0.687,1.03008,0.0116
0.688,1.03091,0.0116
0.689,1.03174,0.0116
0.69,1.03257,0.0116
0.691,1.0334,0.01159
0.692,1.03422,0.01159
0.693,1.03505,0.01159
0.694,1.03588,0.01159
0.695,1.03671,0.01159
0.696,1.03754,0.01159
0.697,1.03837,0.01159
0.698,1.03921,0.01158
0.699,1.04004,0.01158
0.7,1.04087,0.01158
0.701,1.0417,0.01158
0.702,1.04253,0.01158
0.703,1.04336,0.01157
0.704,1.0442,0.01157
0.705,1.04503,0.01157
0.706,1.04586,0.01156
0.707,1.0467,0.01156
0.708,1.04753,0.01156
0.709,1.04836,0.01156
0.71,1.0492,0.01156
0.711,1.05003,0.01156
0.712,1.05087,0.01156
0.713,1.0517,0.01156
0.714,1.05254,0.01156
0.715,1.05337,0.01155
0.716,1.05421,0.01155
0.717,1.05505,0.01155
0.718,1.05588,0.01154
0.719,1.05672,0.01154
0.72,1.05756,0.01154
0.721,1.0584,0.01154
0.722,1.05923,0.01154
0.723,1.06007,0.01153
0.724,1.06091,0.01153
0.725,1.06175,0.01153
0.726,1.06259,0.01152
0.727,1.06343,0.01152
0.728,1.06426,0.01152
0.729,1.0651,0.01152
0.73,1.06595,0.01152
0.731,1.06679,0.01152
0.732,1.06762,0.01152
0.733,1.06847,0.01152
0.734,1.06931,0.01152
0.735,1.07015,0.01151
0.736,1.07099,0.01151
0.737,1.07184,0.01151
0.738,1.07268,0.0115
0.739,1.07352,0.0115
0.74,1.07436,0.0115
0.741,1.07521,0.0115
0.742,1.07605,0.0115
0.743,1.07689,0.01149
0.744,1.07774,0.01149
0.745,1.07858,0.01149
0.746,1.07943,0.01149
0.747,1.08027,0.01149
0.748,1.08112,0.01149
0.749,1.08196,0.01149
0.75,1.08281,0.01148
0.751,1.08366,0.01148
0.752,1.0845,0.01148
0.753,1.08535,0.01148
0.754,1.0862,0.01148
0.755,1.08704,0.01147
0.756,1.08789,0.01147
0.757,1.08874,0.01147
0.758,1.08959,0.01146
0.759,1.09044,0.01146
0.76,1.09129,0.01146
0.761,1.09214,0.01146
0.762,1.09299,0.01146
0.763,1.09384,0.01145
0.764,1.09468,0.01145
0.765,1.09554,0.01145
0.766,1.09639,0.01145
0.767,1.09724,0.01145
0.768,1.09809,0.01145
0.769,1.09894,0.01145
0.77,1.09979,0.01144
0.771,1.10065,0.01144
0.772,1.1015,0.01144
0.773,1.10235,0.01144
0.774,1.1032,0.01144
0.775,1.10406,0.01143
0.776,1.10491,0.01143
0.777,1.10576,0.01143
0.778,1.10662,0.01142
0.779,1.10747,0.01142
0.78,1.10833,0.01142
0.781,1.10918,0.01142
0.782,1.11004,0.01142
0.783,1.11089,0.01142
0.784,1.11175,0.01142
0.785,1.11261,0.01142
0.786,1.11346,0.01142
0.787,1.11432,0.01141
0.788,1.11518,0.01141
0.789,1.11604,0.01141
0.79,1.11689,0.0114
0.791,1.11775,0.0114
0.792,1.11861,0.0114
0.793,1.11947,0.0114
0.794,1.12033,0.0114
0.795,1.12119,0.01139
0.796,1.12205,0.01139
0.797,1.12291,0.01139
0.798,1.12377,0.01138
0.799,1.12463,0.01138
0.8,1.12549,0.01138
0.801,1.12635,0.01138
0.802,1.12721,0.01138
0.803,1.12807,0.01138
0.804,1.12894,0.01138
0.805,1.1298,0.01138
0.806,1.13066,0.01138
0.807,1.13152,0.01137
0.808,1.13238,0.01137
0.809,1.13325,0.01137
0.81,1.13411,0.01136
0.811,1.13498,0.01136
0.812,1.13584,0.01136
0.813,1.13671,0.01136
0.814,1.13757,0.01136
0.815,1.13844,0.01135
0.816,1.1393,0.01135
0.817,1.14017,0.01135
0.818,1.14104,0.01134
0.819,1.1419,0.01134
0.82,1.14277,0.01134
0.821,1.14364,0.01134
0.822,1.1445,0.01134
0.823,1.14537,0.01134
0.824,1.14624,0.01134
0.825,1.14711,0.01134
0.826,1.14798,0.01134
0.827,1.14884,0.01133
0.828,1.14971,0.01133
0.829,1.15058,0.01133
0.83,1.15145,0.01132
0.831,1.15232,0.01132
0.832,1.15319,0.01132
0.833,1.15406,0.01132
0.834,1.15494,0.01132
0.835,1.15581,0.01131
0.836,1.15668,0.01131
0.837,1.15755,0.01131
0.838,1.15842,0.0113
0.839,1.1593,0.0113
0.84,1.16017,0.0113
0.841,1.16104,0.0113
0.842,1.16192,0.0113
0.843,1.16279,0.0113
0.844,1.16366,0.0113
0.845,1.16454,0.0113
0.846,1.16541,0.0113
0.847,1.16629,0.01129
0.848,1.16716,0.01129
0.849,1.16804,0.01129
0.85,1.16891,0.01128
0.851,1.16979,0.01128
0.852,1.17066,0.01128
0.853,1.17154,0.01128
0.854,1.17242,0.01128
0.855,1.1733,0.01127
0.856,1.17417,0.01127
0.857,1.17505,0.01127
0.858,1.17593,0.01126
0.859,1.17681,0.01126
0.86,1.17769,0.01126
0.861,1.17857,0.01126
0.862,1.17945,0.01126
0.863,1.18033,0.01125
0.864,1.1812,0.01125
0.865,1.18209,0.01125
0.866,1.18297,0.01125
0.867,1.18385,0.01125
0.868,1.18473,0.01125
0.869,1.18561,0.01125
0.87,1.18649,0.01124
0.871,1.18738,0.01124
0.872,1.18826,0.01124
0.873,1.18914,0.01124
0.874,1.19002,0.01124
0.875,1.19091,0.01123
0.876,1.19179,0.01123
0.877,1.19267,0.01123
0.878,1.19356,0.01122
0.879,1.19444,0.01122
0.88,1.19533,0.01122
0.881,1.19621,0.01122
0.882,1.1971,0.01122
0.883,1.19798,0.01121
0.884,1.19887,0.01121
0.885,1.19976,0.01121
0.886,1.20064,0.01121
0.887,1.20153,0.01121
0.888,1.20242,0.01121
0.889,1.20331,0.01121
0.89,1.20419,0.0112
0.891,1.20508,0.0112
0.892,1.20597,0.0112
0.893,1.20686,0.0112
0.894,1.20775,0.0112
0.895,1.20864,0.01119
0.896,1.20953,0.01119
0.897,1.21042,0.01119
0.898,1.21131,0.01118
0.899,1.2122,0.01118
0.9,1.21309,0.01118
0.901,1.21398,0.01118
0.902,1.21487,0.01118
0.903,1.21576,0.01117
0.904,1.21666,0.01117
0.905,1.21755,0.01117
0.906,1.21844,0.01116
0.907,1.21933,0.01116
0.908,1.22023,0.01116
0.909,1.22112,0.01116
0.91,1.22202,0.01116
0.911,1.22291,0.01116
0.912,1.2238,0.01116
0.913,1.2247,0.01116
0.914,1.2256,0.01116
0.915,1.22649,0.01115
0.916,1.22738,0.01115
0.917,1.22828,0.01115
0.918,1.22918,0.01114
0.919,1.23008,0.01114
0.92,1.23097,0.01114
0.921,1.23187,0.01114
0.922,1.23277,0.01114
0.923,1.23367,0.01113
0.924,1.23456,0.01113
0.925,1.23546,0.01113
0.926,1.23636,0.01112
0.927,1.23726,0.01112
0.928,1.23816,0.01112
0.929,1.23906,0.01112
0.93,1.23996,0.01112
0.931,1.24086,0.01112
0.932,1.24176,0.01112
0.933,1.24266,0.01112
0.934,1.24356,0.01112
0.935,1.24447,0.01111
0.936,1.24537,0.01111
0.937,1.24627,0.01111
0.938,1.24717,0.0111
0.939,1.24808,0.0111
0.94,1.24898,0.0111
0.941,1.24988,0.0111
0.942,1.25079,0.0111
0.943,1.25169,0.01109
0.944,1.25259,0.01109
0.945,1.2535,0.01109
0.946,1.2544,0.01108
0.947,1.25531,0.01108
0.948,1.25622,0.01108
0.949,1.25712,0.01108
0.95,1.25803,0.01108
0.951,1.25893,0.01107
0.952,1.25984,0.01107
0.953,1.26075,0.01107
0.954,1.26166,0.01107
0.955,1.26256,0.01107
0.956,1.26347,0.01107
0.957,1.26438,0.01107
0.958,1.26529,0.01106
0.959,1.2662,0.01106
0.96,1.26711,0.01106
0.961,1.26802,0.01106
0.962,1.26893,0.01106
0.963,1.26984,0.01105
0.964,1.27075,0.01105
0.965,1.27166,0.01105
0.966,1.27257,0.01104
0.967,1.27348,0.01104
0.968,1.27439,0.01104
0.969,1.2753,0.01104
0.97,1.27622,0.01104
0.971,1.27713,0.01103
0.972,1.27804,0.01103
0.973,1.27896,0.01103
0.974,1.27987,0.01102
0.975,1.28078,0.01102
0.976,1.2817,0.01102
0.977,1.28261,0.01102
0.978,1.28353,0.01102
0.979,1.28444,0.01101
0.98,1.28536,0.01101
0.981,1.28627,0.01101
0.982,1.28719,0.01101
0.983,1.28811,0.01101
0.984,1.28902,0.01101
0.985,1.28994,0.01101
0.986,1.29086,0.011
0.987,1.29178,0.011
0.988,1.2927,0.011
0.989,1.29361,0.011
0.99,1.29453,0.011
0.991,1.29545,0.01099
0.992,1.29637,0.01099
0.993,1.29729,0.01099
0.994,1.29821,0.01098
0.995,1.29913,0.01098
0.996,1.30005,0.01098
0.997,1.30097,0.01098
0.998,1.30189,0.01098
0.999,1.30281,0.01097
1,1.30374,0.01097
1.001,1.30466,0.01097
1.002,1.30558,0.01096
1.003,1.3065,0.01096
1.004,1.30742,0.01096
1.005,1.30835,0.01096
1.006,1.30927,0.01096
1.007,1.3102,0.01095
1.008,1.31112,0.01095
1.009,1.31204,0.01095
1.01,1.31297,0.01095
1.011,1.3139,0.01095
1.012,1.31482,0.01095
1.013,1.31575,0.01095
1.014,1.31667,0.01094
1.015,1.3176,0.01094
1.016,1.31852,0.01094
1.017,1.31945,0.01094
1.018,1.32038,0.01094
1.019,1.32131,0.01093
1.02,1.32224,0.01093
1.021,1.32316,0.01093
1.022,1.32409,0.01092
1.023,1.32502,0.01092
1.024,1.32595,0.01092
1.025,1.32688,0.01092
1.026,1.32781,0.01092
1.027,1.32874,0.01091
1.028,1.32967,0.01091
1.029,1.3306,0.01091
1.03,1.33153,0.0109
1.031,1.33246,0.0109
1.032,1.33339,0.0109
1.033,1.33432,0.0109
1.034,1.33526,0.0109
1.035,1.33619,0.01089
1.036,1.33712,0.01089
1.037,1.33806,0.01089
1.038,1.33899,0.01089
1.039,1.33992,0.01089
1.04,1.34086,0.01089
1.041,1.34179,0.01089
1.042,1.34273,0.01088
1.043,1.34366,0.01088
1.044,1.3446,0.01088
1.045,1.34553,0.01088
1.046,1.34647,0.01088
1.047,1.34741,0.01087
1.048,1.34834,0.01087
1.049,1.34928,0.01087
1.05,1.35022,0.01086
1.051,1.35116,0.01086
1.052,1.35209,0.01086
1.053,1.35303,0.01086
1.054,1.35397,0.01086
1.055,1.35491,0.01085
1.056,1.35585,0.01085
1.057,1.35679,0.01085
1.058,1.35773,0.01084
1.059,1.35867,0.01084
1.06,1.35961,0.01084
1.061,1.36055,0.01084
1.062,1.36149,0.01084
1.063,1.36243,0.01083
1.064,1.36337,0.01083
1.065,1.36432,0.01083
1.066,1.36526,0.01083
1.067,1.3662,0.01083
1.068,1.36714,0.01083
1.069,1.36809,0.01083
1.07,1.36903,0.01082
1.071,1.36997,0.01082
1.072,1.37092,0.01082
1.073,1.37186,0.01082
1.074,1.37281,0.01082
1.075,1.37375,0.01081
1.076,1.3747,0.01081
1.077,1.37564,0.01081
1.078,1.37659,0.0108
1.079,1.37754,0.0108
1.08,1.37848,0.0108
1.081,1.37943,0.0108
1.082,1.38038,0.0108
1.083,1.38132,0.01079
1.084,1.38227,0.01079
1.085,1.38322,0.01079
1.086,1.38417,0.01078
1.087,1.38512,0.01078
1.088,1.38607,0.01078
1.089,1.38702,0.01078
1.09,1.38797,0.01078
1.091,1.38892,0.01077
1.092,1.38987,0.01077
1.093,1.39082,0.01077
1.094,1.39177,0.01076
1.095,1.39272,0.01076
1.096,1.39368,0.01076
1.097,1.39463,0.01076
1.098,1.39558,0.01076
1.099,1.39653,0.01075
1.1,1.39748,0.01075
1.101,1.39844,0.01075
1.102,1.39939,0.01075
1.103,1.40035,0.01075
1.104,1.4013,0.01075
1.105,1.40225,0.01075
1.106,1.40321,0.01074
1.107,1.40416,0.01074
1.108,1.40512,0.01074
1.109,1.40608,0.01074
1.11,1.40703,0.01074
1.111,1.40799,0.01073
1.112,1.40894,0.01073
1.113,1.4099,0.01073
1.114,1.41086,0.01072
1.115,1.41182,0.01072
1.116,1.41278,0.01072
1.117,1.41374,0.01072
1.118,1.4147,0.01072
1.119,1.41565,0.01071
1.12,1.41661,0.01071
1.121,1.41757,0.01071
1.122,1.41853,0.0107
1.123,1.41949,0.0107
1.124,1.42045,0.0107
1.125,1.42141,0.0107
1.126,1.42238,0.0107
1.127,1.42334,0.01069
1.128,1.4243,0.01069
1.129,1.42526,0.01069
1.13,1.42622,0.01068
1.131,1.42719,0.01068
1.132,1.42815,0.01068
1.133,1.42911,0.01068
1.134,1.43008,0.01068
1.135,1.43104,0.01067
1.136,1.43201,0.01067
1.137,1.43297,0.01067
1.138,1.43394,0.01067
1.139,1.4349,0.01067
1.14,1.43587,0.01067
1.141,1.43683,0.01067
1.142,1.4378,0.01066
1.143,1.43877,0.01066
1.144,1.43973,0.01066
1.145,1.4407,0.01066
1.146,1.44167,0.01066
1.147,1.44264,0.01065
1.148,1.44361,0.01065
1.149,1.44457,0.01065
1.15,1.44554,0.01064
1.151,1.44651,0.01064
1.152,1.44748,0.01064
1.153,1.44845,0.01064
1.154,1.44942,0.01064
1.155,1.45039,0.01063
1.156,1.45136,0.01063
1.157,1.45233,0.01063
1.158,1.45331,0.01062
1.159,1.45428,0.01062
1.16,1.45525,0.01062
1.161,1.45622,0.01062
1.162,1.4572,0.01062
1.163,1.45817,0.01061
1.164,1.45914,0.01061
1.165,1.46011,0.01061
1.166,1.46109,0.0106
1.167,1.46206,0.0106
1.168,1.46304,0.0106
1.169,1.46401,0.0106
1.17,1.46499,0.0106
1.171,1.46596,0.01059
1.172,1.46694,0.01059
1.173,1.46792,0.01059
1.174,1.46889,0.01058
1.175,1.46987,0.01058
1.176,1.47085,0.01058
1.177,1.47183,0.01058
1.178,1.4728,0.01058
1.179,1.47378,0.01058
1.18,1.47476,0.01058
1.181,1.47574,0.01058
1.182,1.47672,0.01058
1.183,1.4777,0.01057
1.184,1.47868,0.01057
1.185,1.47966,0.01057
1.186,1.48064,0.01056
1.187,1.48162,0.01056
1.188,1.4826,0.01056
1.189,1.48358,0.01056
1.19,1.48456,0.01056
1.191,1.48554,0.01055
1.192,1.48652,0.01055
1.193,1.48751,0.01055
1.194,1.48849,0.01054
1.195,1.48948,0.01054
1.196,1.49046,0.01054
1.197,1.49144,0.01054
1.198,1.49243,0.01054
1.199,1.49341,0.01053
1.2,1.4944,0.01053
1.201,1.49538,0.01053
1.202,1.49637,0.01052
1.203,1.49735,0.01052
1.204,1.49834,0.01052
1.205,1.49933,0.01052
1.206,1.50031,0.01052
1.207,1.5013,0.01051
1.208,1.50229,0.01051
1.209,1.50328,0.01051
1.21,1.50426,0.0105
1.211,1.50525,0.0105
1.212,1.50624,0.0105
1.213,1.50723,0.0105
1.214,1.50822,0.0105
1.215,1.50921,0.01049
1.216,1.5102,0.01049
1.217,1.51119,0.01049
1.218,1.51218,0.01048
1.219,1.51317,0.01048
1.22,1.51416,0.01048
1.221,1.51516,0.01048
1.222,1.51615,0.01048
1.223,1.51714,0.01047
1.224,1.51813,0.01047
1.225,1.51913,0.01047
1.226,1.52012,0.01047
1.227,1.52111,0.01047
1.228,1.5221,0.01047
1.229,1.5231,0.01047
1.23,1.5241,0.01046
1.231,1.52509,0.01046
1.232,1.52608,0.01046
1.233,1.52708,0.01046
1.234,1.52808,0.01046
1.235,1.52907,0.01045
1.236,1.53007,0.01045
1.237,1.53107,0.01045
1.238,1.53206,0.01044
1.239,1.53306,0.01044
1.24,1.53406,0.01044
1.241,1.53506,0.01044
1.242,1.53606,0.01044
1.243,1.53705,0.01043
1.244,1.53805,0.01043
1.245,1.53905,0.01043
1.246,1.54005,0.01042
1.247,1.54105,0.01042
1.248,1.54205,0.01042
1.249,1.54305,0.01042
1.25,1.54406,0.01042
1.251,1.54506,0.01041
1.252,1.54606,0.01041
1.253,1.54706,0.01041
1.254,1.54806,0.0104
1.255,1.54906,0.0104
1.256,1.55007,0.0104
1.257,1.55107,0.0104
1.258,1.55208,0.0104
1.259,1.55308,0.01039
1.26,1.55408,0.01039
1.261,1.55509,0.01039
1.262,1.5561,0.01038
1.263,1.5571,0.01038
1.264,1.5581,0.01038
1.265,1.55911,0.01038
1.266,1.56012,0.01038
1.267,1.56112,0.01037
1.268,1.56213,0.01037
1.269,1.56314,0.01037
1.27,1.56414,0.01036
1.271,1.56515,0.01036
1.272,1.56616,0.01036
1.273,1.56717,0.01036
1.274,1.56818,0.01036
1.275,1.56919,0.01035
1.276,1.5702,0.01035
1.277,1.57121,0.01035
1.278,1.57222,0.01034
1.279,1.57323,0.01034
1.28,1.57424,0.01034
1.281,1.57525,0.01034
1.282,1.57626,0.01034
1.283,1.57727,0.01033
1.284,1.57828,0.01033
1.285,1.5793,0.01033
1.286,1.58031,0.01032
1.287,1.58132,0.01032
1.288,1.58234,0.01032
1.289,1.58335,0.01032
1.29,1.58437,0.01032
1.291,1.58538,0.01032
1.292,1.5864,0.01032
1.293,1.58741,0.01032
1.294,1.58842,0.01032
1.295,1.58944,0.01031
1.296,1.59046,0.01031
1.297,1.59147,0.01031
1.298,1.59249,0.0103
1.299,1.59351,0.0103
1.3,1.59452,0.0103
1.301,1.59554,0.0103
1.302,1.59656,0.0103
1.303,1.59758,0.01029
1.304,1.5986,0.01029
1.305,1.59961,0.01029
1.306,1.60063,0.01028
1.307,1.60165,0.01028
1.308,1.60267,0.01028
1.309,1.60369,0.01028
1.31,1.60472,0.01028
1.311,1.60574,0.01027
1.312,1.60676,0.01027
1.313,1.60778,0.01027
1.314,1.6088,0.01026
1.315,1.60982,0.01026
1.316,1.61084,0.01026
1.317,1.61187,0.01026
1.318,1.61289,0.01026
1.319,1.61391,0.01025
1.32,1.61494,0.01025
1.321,1.61596,0.01025
1.322,1.61699,0.01024
1.323,1.61801,0.01024
1.324,1.61904,0.01024
1.325,1.62006,0.01024
1.326,1.62109,0.01024
1.327,1.62211,0.01023
1.328,1.62314,0.01023
1.329,1.62417,0.01023
1.33,1.6252,0.01022
1.331,1.62622,0.01022
1.332,1.62725,0.01022
1.333,1.62828,0.01022
1.334,1.62931,0.01022
1.335,1.63034,0.01021
1.336,1.63136,0.01021
1.337,1.63239,0.01021
1.338,1.63342,0.0102
1.339,1.63446,0.0102
1.34,1.63548,0.0102
1.341,1.63652,0.0102
1.342,1.63755,0.01019
1.343,1.63858,0.01019
1.344,1.63961,0.01019
1.345,1.64064,0.01019
1.346,1.64168,0.01018
1.347,1.64271,0.01018
1.348,1.64374,0.01018
1.349,1.64477,0.01018
1.35,1.64581,0.01018
1.351,1.64684,0.01017
1.352,1.64788,0.01017
1.353,1.64891,0.01017
1.354,1.64994,0.01016
1.355,1.65098,0.01016
1.356,1.65202,0.01016
1.357,1.65305,0.01016
1.358,1.65409,0.01016
1.359,1.65513,0.01015
1.36,1.65616,0.01015
1.361,1.6572,0.01015
1.362,1.65824,0.01014
1.363,1.65927,0.01014
1.364,1.66031,0.01014
1.365,1.66135,0.01014
1.366,1.66239,0.01014
1.367,1.66343,0.01013
1.368,1.66447,0.01013
1.369,1.66551,0.01013
1.37,1.66655,0.01012
1.371,1.66759,0.01012
1.372,1.66863,0.01012
1.373,1.66967,0.01012
1.374,1.67071,0.01011
1.375,1.67176,0.01011
1.376,1.6728,0.01011
1.377,1.67384,0.01011
1.378,1.67488,0.0101
1.379,1.67593,0.0101
1.38,1.67697,0.0101
1.381,1.67801,0.0101
1.382,1.67906,0.0101
1.383,1.6801,0.01009
1.384,1.68115,0.01009
1.385,1.68219,0.01009
1.386,1.68324,0.01008
1.387,1.68428,0.01008
1.388,1.68533,0.01008
1.389,1.68638,0.01008
1.39,1.68742,0.01008
1.391,1.68847,0.01007
1.392,1.68952,0.01007
1.393,1.69057,0.01007
1.394,1.69162,0.01006
1.395,1.69266,0.01006
1.396,1.69371,0.01006
1.397,1.69476,0.01006
1.398,1.69581,0.01006
1.399,1.69686,0.01005
1.4,1.69791,0.01005
1.401,1.69896,0.01005
1.402,1.70001,0.01004
1.403,1.70106,0.01004
1.404,1.70212,0.01004
1.405,1.70317,0.01004
1.406,1.70422,0.01004
1.407,1.70527,0.01003
1.408,1.70632,0.01003
1.409,1.70738,0.01003
1.41,1.70843,0.01002
1.411,1.70948,0.01002
1.412,1.71054,0.01002
1.413,1.71159,0.01002
1.414,1.71265,0.01002
1.415,1.7137,0.01002
1.416,1.71476,0.01002
1.417,1.71581,0.01002
1.418,1.71687,0.01002
1.419,1.71793,0.01001
1.42,1.71898,0.01001
1.421,1.72004,0.01001
1.422,1.7211,0.01
1.423,1.72216,0.01
1.424,1.72321,0.01
1.425,1.72427,0.01
1.426,1.72533,0.01
1.427,1.72639,0.00999
1.428,1.72745,0.00999
1.429,1.72851,0.00999
1.43,1.72957,0.00999
1.431,1.73063,0.00998
1.432,1.73169,0.00998
1.433,1.73275,0.00998
1.434,1.73381,0.00998
1.435,1.73487,0.00997
1.436,1.73594,0.00997
1.437,1.737,0.00997
1.438,1.73806,0.00996
1.439,1.73912,0.00996
1.44,1.74019,0.00996
1.441,1.74125,0.00996
1.442,1.74232,0.00996
1.443,1.74338,0.00995
1.444,1.74444,0.00995
1.445,1.74551,0.00995
1.446,1.74657,0.00994
1.447,1.74764,0.00994
1.448,1.7487,0.00994
1.449,1.74977,0.00994
1.45,1.75084,0.00993
1.451,1.75191,0.00993
1.452,1.75297,0.00993
1.453,1.75404,0.00993
1.454,1.75511,0.00992
1.455,1.75618,0.00992
1.456,1.75724,0.00992
1.457,1.75831,0.00992
1.458,1.75938,0.00992
1.459,1.76045,0.00991
1.46,1.76152,0.00991
1.461,1.76259,0.00991
1.462,1.76366,0.00991
1.463,1.76474,0.0099
1.464,1.76581,0.0099
1.465,1.76688,0.0099
1.466,1.76795,0.0099
1.467,1.76902,0.00989
1.468,1.7701,0.00989
1.469,1.77117,0.00989
1.47,1.77224,0.00988
1.471,1.77332,0.00988
1.472,1.77439,0.00988
1.473,1.77546,0.00988
1.474,1.77654,0.00987
1.475,1.77761,0.00986
1.476,1.77869,0.00986
1.477,1.77976,0.00986
1.478,1.78084,0.00985
1.479,1.78192,0.00985
1.48,1.78299,0.00985
1.481,1.78407,0.00985
1.482,1.78515,0.00984
1.483,1.78623,0.00984
1.484,1.7873,0.00984
1.485,1.78838,0.00984
1.486,1.78946,0.00984
1.487,1.79054,0.00983
1.488,1.79162,0.00983
1.489,1.7927,0.00983
1.49,1.79378,0.00982
1.491,1.79486,0.00982
1.492,1.79594,0.00982
1.493,1.79702,0.00982
1.494,1.7981,0.00982
1.495,1.79918,0.00981
1.496,1.80026,0.00981
1.497,1.80135,0.00981
1.498,1.80243,0.0098
1.499,1.80351,0.0098
1.5,1.8046,0.0098
1.501,1.80568,0.0098
1.502,1.80676,0.0098
1.503,1.80785,0.00979
1.504,1.80893,0.00979
1.505,1.81002,0.00979
1.506,1.8111,0.00978
1.507,1.81219,0.00978
1.508,1.81328,0.00978
1.509,1.81436,0.00978
1.51,1.81545,0.00977
1.511,1.81654,0.00977
1.512,1.81762,0.00977
1.513,1.81871,0.00977
1.514,1.8198,0.00976
1.515,1.82089,0.00976
1.516,1.82198,0.00976
1.517,1.82306,0.00976
1.518,1.82415,0.00976
1.519,1.82524,0.00975
1.52,1.82633,0.00975
1.521,1.82742,0.00975
1.522,1.82851,0.00974
1.523,1.8296,0.00974
1.524,1.8307,0.00974
1.525,1.83179,0.00974
1.526,1.83288,0.00974
1.527,1.83397,0.00973
1.528,1.83506,0.00973
1.529,1.83616,0.00973
1.53,1.83725,0.00973
1.531,1.83834,0.00972
1.532,1.83944,0.00972
1.533,1.84053,0.00972
1.534,1.84163,0.00972
1.535,1.84272,0.00971
1.536,1.84382,0.00971
1.537,1.84491,0.00971
1.538,1.84601,0.0097
1.539,1.84711,0.0097
1.54,1.8482,0.0097
1.541,1.8493,0.0097
1.542,1.8504,0.0097
1.543,1.8515,0.00969
1.544,1.85259,0.00969
1.545,1.85369,0.00969
1.546,1.85479,0.00968
1.547,1.85589,0.00968
1.548,1.85699,0.00968
1.549,1.85809,0.00968
1.55,1.85919,0.00968
1.551,1.86029,0.00967
1.552,1.86139,0.00967
1.553,1.86249,0.00967
1.554,1.86359,0.00966
1.555,1.86469,0.00966
1.556,1.86579,0.00966
1.557,1.8669,0.00966
1.558,1.868,0.00966
1.559,1.8691,0.00965
1.56,1.8702,0.00965
1.561,1.87131,0.00965
1.562,1.87241,0.00965
1.563,1.87352,0.00964
1.564,1.87462,0.00964
1.565,1.87573,0.00964
1.566,1.87683,0.00964
1.567,1.87794,0.00963
1.568,1.87904,0.00963
1.569,1.88015,0.00963
1.57,1.88126,0.00962
1.571,1.88236,0.00962
1.572,1.88347,0.00962
1.573,1.88458,0.00962
1.574,1.88569,0.00962
1.575,1.88679,0.00961
1.576,1.8879,0.00961
1.577,1.88901,0.00961
1.578,1.89012,0.0096
1.579,1.89123,0.0096
1.58,1.89234,0.0096
1.581,1.89345,0.0096
1.582,1.89456,0.00959
1.583,1.89567,0.00959
1.584,1.89678,0.00959
1.585,1.8979,0.00959
1.586,1.89901,0.00958
1.587,1.90012,0.00958
1.588,1.90124,0.00958
1.589,1.90235,0.00958
1.59,1.90346,0.00958
1.591,1.90457,0.00957
1.592,1.90569,0.00957
1.593,1.9068,0.00957
1.594,1.90792,0.00956
1.595,1.90903,0.00956
1.596,1.91015,0.00955
1.597,1.91126,0.00955
1.598,1.91238,0.00954
1.599,1.9135,0.00954
1.6,1.91461,0.00954
1.601,1.91573,0.00954
1.602,1.91685,0.00954
1.603,1.91796,0.00953
1.604,1.91908,0.00953
1.605,1.9202,0.00953
1.606,1.92132,0.00952
1.607,1.92244,0.00952
1.608,1.92356,0.00952
1.609,1.92468,0.00952
1.61,1.9258,0.00951
1.611,1.92692,0.00951
1.612,1.92804,0.00951
1.613,1.92916,0.00951
1.614,1.93028,0.0095
1.615,1.93141,0.0095
1.616,1.93253,0.0095
1.617,1.93365,0.0095
1.618,1.93477,0.0095
1.619,1.9359,0.00949
1.62,1.93702,0.00949
1.621,1.93814,0.00949
1.622,1.93927,0.00948
1.623,1.94039,0.00948
1.624,1.94152,0.00948
1.625,1.94264,0.00948
1.626,1.94377,0.00947
1.627,1.94489,0.00947
1.628,1.94602,0.00947
1.629,1.94714,0.00947
1.63,1.94827,0.00946
1.631,1.9494,0.00946
1.632,1.95053,0.00946
1.633,1.95165,0.00946
1.634,1.95278,0.00946
1.635,1.95391,0.00945
1.636,1.95504,0.00945
1.637,1.95617,0.00945
1.638,1.9573,0.00944
1.639,1.95843,0.00944
1.64,1.95956,0.00944
1.641,1.96069,0.00944
1.642,1.96182,0.00943
1.643,1.96295,0.00943
1.644,1.96408,0.00943
1.645,1.96521,0.00943
1.646,1.96635,0.00942
1.647,1.96748,0.00942
1.648,1.96861,0.00942
1.649,1.96974,0.00942
1.65,1.97088,0.00942
1.651,1.97201,0.00941
1.652,1.97315,0.00941
1.653,1.97428,0.0094
1.654,1.97542,0.0094
1.655,1.97655,0.0094
1.656,1.97769,0.00939
1.657,1.97882,0.00939
1.658,1.97996,0.00938
1.659,1.9811,0.00938
1.66,1.98223,0.00938
1.661,1.98337,0.00938
1.662,1.98451,0.00938
1.663,1.98564,0.00937
1.664,1.98678,0.00937
1.665,1.98792,0.00937
1.666,1.98906,0.00936
1.667,1.9902,0.00936
1.668,1.99134,0.00936
1.669,1.99248,0.00936
1.67,1.99362,0.00936
1.671,1.99476,0.00935
1.672,1.9959,0.00935
1.673,1.99704,0.00935
1.674,1.99818,0.00934
1.675,1.99933,0.00934
1.676,2.00047,0.00934
1.677,2.00161,0.00934
1.678,2.00275,0.00934
1.679,2.0039,0.00933
1.68,2.00504,0.00933
1.681,2.00618,0.00933
1.682,2.00733,0.00932
1.683,2.00847,0.00932
1.684,2.00962,0.00932
1.685,2.01076,0.00932
1.686,2.01191,0.00932
1.687,2.01306,0.00931
1.688,2.0142,0.00931
1.689,2.01535,0.00931
1.69,2.0165,0.00931
1.691,2.01764,0.0093
1.692,2.01879,0.0093
1.693,2.01994,0.0093
1.694,2.02109,0.0093
1.695,2.02224,0.00929
1.696,2.02339,0.00929
1.697,2.02453,0.00929
1.698,2.02568,0.00928
1.699,2.02683,0.00928
1.7,2.02798,0.00928
1.701,2.02913,0.00927
1.702,2.03028,0.00927
1.703,2.03144,0.00926
1.704,2.03259,0.00926
1.705,2.03374,0.00926
1.706,2.03489,0.00925
1.707,2.03605,0.00925
1.708,2.0372,0.00925
1.709,2.03835,0.00925
1.71,2.03951,0.00924
1.711,2.04066,0.00924
1.712,2.04182,0.00924
1.713,2.04297,0.00924
1.714,2.04413,0.00924
1.715,2.04528,0.00923
1.716,2.04643,0.00923
1.717,2.04759,0.00923
1.718,2.04875,0.00922
1.719,2.04991,0.00922
1.72,2.05106,0.00922
1.721,2.05222,0.00922
1.722,2.05338,0.00922
1.723,2.05454,0.00921
1.724,2.05569,0.00921
1.725,2.05685,0.00921
1.726,2.05801,0.0092
1.727,2.05917,0.0092
1.728,2.06033,0.0092
1.729,2.06149,0.0092
1.73,2.06265,0.0092
1.731,2.06381,0.00919
1.732,2.06497,0.00919
1.733,2.06613,0.00919
1.734,2.0673,0.00918
1.735,2.06846,0.00918
1.736,2.06962,0.00918
1.737,2.07078,0.00918
1.738,2.07195,0.00917
1.739,2.07311,0.00917
1.74,2.07428,0.00917
1.741,2.07544,0.00916
1.742,2.0766,0.00916
1.743,2.07777,0.00916
1.744,2.07893,0.00915
1.745,2.0801,0.00915
1.746,2.08126,0.00914
1.747,2.08243,0.00914
1.748,2.0836,0.00914
1.749,2.08477,0.00914
1.75,2.08593,0.00914
1.751,2.0871,0.00913
1.752,2.08827,0.00913
1.753,2.08944,0.00913
1.754,2.0906,0.00912
1.755,2.09177,0.00912
1.756,2.09294,0.00912
1.757,2.09411,0.00912
1.758,2.09528,0.00912
1.759,2.09645,0.00911
1.76,2.09762,0.00911
1.761,2.09879,0.00911
1.762,2.09996,0.0091
1.763,2.10114,0.0091
1.764,2.10231,0.0091
1.765,2.10348,0.0091
1.766,2.10465,0.0091
1.767,2.10583,0.00909
1.768,2.107,0.00909
1.769,2.10817,0.00909
1.77,2.10935,0.00908
1.771,2.11052,0.00908
1.772,2.1117,0.00908
1.773,2.11287,0.00908
1.774,2.11405,0.00907
1.775,2.11522,0.00906
1.776,2.1164,0.00906
1.777,2.11757,0.00906
1.778,2.11875,0.00906
1.779,2.11993,0.00905
1.78,2.1211,0.00905
1.781,2.12228,0.00905
1.782,2.12346,0.00905
1.783,2.12464,0.00904
1.784,2.12582,0.00904
1.785,2.127,0.00904
1.786,2.12818,0.00904
1.787,2.12936,0.00903
1.788,2.13054,0.00903
1.789,2.13172,0.00903
1.79,2.1329,0.00902
1.791,2.13408,0.00902
1.792,2.13526,0.00902
1.793,2.13644,0.00902
1.794,2.13762,0.00902
1.795,2.13881,0.00901
1.796,2.13999,0.00901
1.797,2.14117,0.00901
1.798,2.14236,0.009
1.799,2.14354,0.009
1.8,2.14472,0.009
1.801,2.14591,0.009
1.802,2.14709,0.009
1.803,2.14828,0.00899
1.804,2.14946,0.00899
1.805,2.15065,0.00898
1.806,2.15184,0.00898
1.807,2.15302,0.00898
1.808,2.15421,0.00897
1.809,2.1554,0.00897
1.81,2.15658,0.00897
1.811,2.15777,0.00896
1.812,2.15896,0.00896
1.813,2.16015,0.00896
1.814,2.16134,0.00895
1.815,2.16252,0.00895
1.816,2.16371,0.00895
1.817,2.1649,0.00895
1.818,2.16609,0.00894
1.819,2.16728,0.00894
1.82,2.16848,0.00894
1.821,2.16967,0.00894
1.822,2.17086,0.00894
1.823,2.17205,0.00893
1.824,2.17324,0.00893
1.825,2.17443,0.00893
1.826,2.17563,0.00893
1.827,2.17682,0.00892
1.828,2.17801,0.00892
1.829,2.17921,0.00892
1.83,2.1804,0.00891
1.831,2.1816,0.00891
1.832,2.18279,0.00891
1.833,2.18399,0.0089
1.834,2.18518,0.0089
1.835,2.18638,0.0089
1.836,2.18757,0.00889
1.837,2.18877,0.00889
1.838,2.18997,0.00888
1.839,2.19116,0.00888
1.84,2.19236,0.00888
1.841,2.19356,0.00888
1.842,2.19476,0.00888
1.843,2.19596,0.00887
1.844,2.19716,0.00887
1.845,2.19835,0.00887
1.846,2.19955,0.00886
1.847,2.20075,0.00886
1.848,2.20195,0.00886
1.849,2.20315,0.00886
1.85,2.20436,0.00886
1.851,2.20556,0.00885
1.852,2.20676,0.00885
1.853,2.20796,0.00885
1.854,2.20916,0.00884
1.855,2.21036,0.00884
1.856,2.21157,0.00884
1.857,2.21277,0.00884
1.858,2.21398,0.00883
1.859,2.21518,0.00883
1.86,2.21638,0.00882
1.861,2.21759,0.00882
1.862,2.21879,0.00882
1.863,2.22,0.00881
1.864,2.2212,0.00881
1.865,2.22241,0.00881
1.866,2.22362,0.0088
1.867,2.22482,0.0088
1.868,2.22603,0.0088
1.869,2.22724,0.0088
1.87,2.22844,0.0088
1.871,2.22965,0.00879
1.872,2.23086,0.00879
1.873,2.23207,0.00879
1.874,2.23328,0.00878
1.875,2.23449,0.00878
1.876,2.2357,0.00878
1.877,2.23691,0.00878
1.878,2.23812,0.00878
1.879,2.23933,0.00877
1.88,2.24054,0.00877
1.881,2.24175,0.00877
1.882,2.24296,0.00876
1.883,2.24418,0.00876
1.884,2.24539,0.00876
1.885,2.2466,0.00875
1.886,2.24781,0.00875
1.887,2.24903,0.00874
1.888,2.25024,0.00874
1.889,2.25145,0.00874
1.89,2.25267,0.00874
1.891,2.25388,0.00873
1.892,2.2551,0.00873
1.893,2.25631,0.00873
1.894,2.25753,0.00872
1.895,2.25874,0.00872
1.896,2.25996,0.00872
1.897,2.26118,0.00872
1.898,2.2624,0.00872
1.899,2.26361,0.00871
1.9,2.26483,0.00871
1.901,2.26605,0.00871
1.902,2.26727,0.0087
1.903,2.26849,0.0087
1.904,2.26971,0.0087
1.905,2.27092,0.0087
1.906,2.27215,0.00869
1.907,2.27336,0.00868
1.908,2.27459,0.00868
1.909,2.27581,0.00868
1.91,2.27703,0.00868
1.911,2.27825,0.00867
1.912,2.27947,0.00867
1.913,2.28069,0.00867
1.914,2.28192,0.00866
1.915,2.28314,0.00866
1.916,2.28436,0.00866
1.917,2.28558,0.00866
1.918,2.28681,0.00866
1.919,2.28803,0.00865
1.92,2.28925,0.00865
1.921,2.29048,0.00865
1.922,2.29171,0.00864
1.923,2.29293,0.00864
1.924,2.29416,0.00864
1.925,2.29538,0.00864
1.926,2.29661,0.00864
1.927,2.29784,0.00863
1.928,2.29906,0.00863
1.929,2.30029,0.00862
1.93,2.30152,0.00862
1.931,2.30275,0.00861
1.932,2.30398,0.00861
1.933,2.3052,0.00861
1.934,2.30643,0.0086
1.935,2.30766,0.0086
1.936,2.30889,0.0086
1.937,2.31012,0.0086
1.938,2.31135,0.0086
1.939,2.31258,0.00859
1.94,2.31382,0.00859
1.941,2.31505,0.00859
1.942,2.31628,0.00859
1.943,2.31751,0.00858
1.944,2.31874,0.00858
1.945,2.31998,0.00858
1.946,2.32121,0.00857
1.947,2.32244,0.00857
1.948,2.32368,0.00857
1.949,2.32491,0.00856
1.95,2.32615,0.00856
1.951,2.32738,0.00856
1.952,2.32862,0.00855
1.953,2.32985,0.00855
1.954,2.33109,0.00854
1.955,2.33232,0.00854
1.956,2.33356,0.00854
1.957,2.3348,0.00854
1.958,2.33604,0.00854
1.959,2.33727,0.00853
1.96,2.33851,0.00853
1.961,2.33975,0.00853
1.962,2.34099,0.00852
1.963,2.34223,0.00852
1.964,2.34346,0.00852
1.965,2.34471,0.00852
1.966,2.34595,0.00852
1.967,2.34719,0.00851
1.968,2.34843,0.00851
1.969,2.34967,0.0085
1.97,2.35091,0.0085
1.971,2.35215,0.00849
1.972,2.35339,0.00849
1.973,2.35463,0.00849
1.974,2.35588,0.00848
1.975,2.35712,0.00848
1.976,2.35836,0.00848
1.977,2.3596,0.00848
1.978,2.36085,0.00848
1.979,2.36209,0.00847
1.98,2.36334,0.00847
1.981,2.36458,0.00847
1.982,2.36583,0.00846
1.983,2.36707,0.00846
1.984,2.36832,0.00846
1.985,2.36957,0.00846
1.986,2.37081,0.00846
1.987,2.37206,0.00845
1.988,2.37331,0.00845
1.989,2.37455,0.00844
1.99,2.3758,0.00844
1.991,2.37705,0.00844
1.992,2.3783,0.00843
1.993,2.37955,0.00843
1.994,2.3808,0.00842
1.995,2.38205,0.00842
1.996,2.3833,0.00842
1.997,2.38455,0.00842
1.998,2.3858,0.00842
1.999,2.38705,0.00841
2,2.3883,0.00841
2.001,2.38955,0.00841
2.002,2.3908,0.0084
2.003,2.39206,0.0084
2.004,2.39331,0.0084
2.005,2.39456,0.0084
2.006,2.39581,0.0084
2.007,2.39707,0.00839
2.008,2.39832,0.00839
2.009,2.39958,0.00838
2.01,2.40083,0.00838
2.011,2.40208,0.00838
2.012,2.40334,0.00837
2.013,2.4046,0.00837
2.014,2.40585,0.00836
2.015,2.40711,0.00836
2.016,2.40836,0.00836
2.017,2.40962,0.00836
2.018,2.41088,0.00836
2.019,2.41214,0.00835
2.02,2.4134,0.00835
2.021,2.41465,0.00835
2.022,2.41591,0.00834
2.023,2.41717,0.00834
2.024,2.41843,0.00834
2.025,2.41969,0.00834
2.026,2.42095,0.00833
2.027,2.42221,0.00832
2.028,2.42347,0.00832
2.029,2.42473,0.00832
2.03,2.42599,0.00832
2.031,2.42725,0.00831
2.032,2.42852,0.00831
2.033,2.42978,0.00831
2.034,2.43104,0.0083
2.035,2.4323,0.0083
2.036,2.43357,0.0083
2.037,2.43483,0.0083
2.038,2.4361,0.0083
2.039,2.43736,0.00829
2.04,2.43862,0.00829
2.041,2.43989,0.00829
2.042,2.44115,0.00828
2.043,2.44242,0.00828
2.044,2.44368,0.00828
2.045,2.44495,0.00827
2.046,2.44622,0.00827
2.047,2.44749,0.00826
2.048,2.44875,0.00826
2.049,2.45002,0.00826
2.05,2.45129,0.00826
2.051,2.45256,0.00825
2.052,2.45382,0.00825
2.053,2.45509,0.00825
2.054,2.45636,0.00825
2.055,2.45763,0.00824
2.056,2.4589,0.00824
2.057,2.46017,0.00824
2.058,2.46144,0.00824
2.059,2.46271,0.00823
2.06,2.46398,0.00823
2.061,2.46526,0.00822
2.062,2.46653,0.00822
2.063,2.4678,0.00822
2.064,2.46907,0.00821
2.065,2.47035,0.00821
2.066,2.47162,0.0082
2.067,2.47289,0.0082
2.068,2.47417,0.0082
2.069,2.47544,0.0082
2.07,2.47672,0.0082
2.071,2.47799,0.00819
2.072,2.47926,0.00819
2.073,2.48054,0.00819
2.074,2.48182,0.00818
2.075,2.48309,0.00818
2.076,2.48437,0.00818
2.077,2.48565,0.00818
2.078,2.48692,0.00817
2.079,2.4882,0.00816
2.08,2.48948,0.00816
2.081,2.49076,0.00816
2.082,2.49204,0.00816
2.083,2.49332,0.00815
2.084,2.4946,0.00815
2.085,2.49587,0.00815
2.086,2.49715,0.00814
2.087,2.49844,0.00814
2.088,2.49972,0.00814
2.089,2.501,0.00814
2.09,2.50228,0.00814
2.091,2.50356,0.00813
2.092,2.50484,0.00813
2.093,2.50612,0.00812
2.094,2.5074,0.00812
2.095,2.50869,0.00811
2.096,2.50997,0.00811
2.097,2.51125,0.00811
2.098,2.51254,0.0081
2.099,2.51382,0.0081
2.1,2.51511,0.0081
2.101,2.51639,0.0081
2.102,2.51768,0.0081
2.103,2.51896,0.00809
2.104,2.52025,0.00809
2.105,2.52153,0.00809
2.106,2.52282,0.00808
2.107,2.52411,0.00808
2.108,2.5254,0.00808
2.109,2.52668,0.00808
2.11,2.52797,0.00807
2.111,2.52926,0.00806
2.112,2.53054,0.00806
2.113,2.53183,0.00806
2.114,2.53312,0.00806
2.115,2.53441,0.00805
2.116,2.5357,0.00805
2.117,2.53699,0.00805
2.118,2.53828,0.00804
2.119,2.53957,0.00804
2.12,2.54087,0.00804
2.121,2.54216,0.00804
2.122,2.54345,0.00803
2.123,2.54474,0.00802
2.124,2.54603,0.00802
2.125,2.54733,0.00802
2.126,2.54862,0.00802
2.127,2.54991,0.00801
2.128,2.5512,0.00801
2.129,2.5525,0.00801
2.13,2.55379,0.008
2.131,2.55509,0.008
2.132,2.55638,0.008
2.133,2.55768,0.008
2.134,2.55898,0.008
2.135,2.56027,0.00799
2.136,2.56157,0.00799
2.137,2.56286,0.00799
2.138,2.56416,0.00798
2.139,2.56546,0.00798
2.14,2.56676,0.00797
2.141,2.56805,0.00797
2.142,2.56935,0.00796
2.143,2.57065,0.00796
2.144,2.57195,0.00796
2.145,2.57325,0.00796
2.146,2.57455,0.00796
2.147,2.57585,0.00795
2.148,2.57715,0.00795
2.149,2.57845,0.00795
2.15,2.57975,0.00795
2.151,2.58105,0.00794
2.152,2.58235,0.00794
2.153,2.58365,0.00793
2.154,2.58496,0.00793
2.155,2.58626,0.00792
2.156,2.58756,0.00792
2.157,2.58887,0.00792
2.158,2.59017,0.00792
2.159,2.59147,0.00791
2.16,2.59278,0.00791
2.161,2.59408,0.00791
2.162,2.59539,0.0079
2.163,2.59669,0.0079
2.164,2.598,0.0079
2.165,2.5993,0.0079
2.166,2.60061,0.00789
2.167,2.60192,0.00788
2.168,2.60322,0.00788
2.169,2.60453,0.00788
2.17,2.60584,0.00788
2.171,2.60715,0.00787
2.172,2.60846,0.00787
2.173,2.60976,0.00787
2.174,2.61107,0.00786
2.175,2.61238,0.00786
2.176,2.61369,0.00786
2.177,2.615,0.00786
2.178,2.61631,0.00786
2.179,2.61762,0.00785
2.18,2.61893,0.00785
2.181,2.62024,0.00784
2.182,2.62156,0.00784
2.183,2.62287,0.00784
2.184,2.62418,0.00783
2.185,2.62549,0.00783
2.186,2.6268,0.00782
2.187,2.62812,0.00782
2.188,2.62943,0.00782
2.189,2.63074,0.00782
2.19,2.63206,0.00782
2.191,2.63337,0.00781
2.192,2.63468,0.00781
2.193,2.636,0.0078
2.194,2.63732,0.0078
2.195,2.63863,0.0078
2.196,2.63995,0.00779
2.197,2.64126,0.00779
2.198,2.64258,0.00778
2.199,2.6439,0.00778
2.2,2.64522,0.00778
2.201,2.64653,0.00778
2.202,2.64785,0.00778
2.203,2.64917,0.00777
2.204,2.65049,0.00777
2.205,2.65181,0.00776
2.206,2.65313,0.00776
2.207,2.65445,0.00776
2.208,2.65576,0.00775
2.209,2.65709,0.00775
2.21,2.65841,0.00775
2.211,2.65973,0.00774
2.212,2.66105,0.00774
2.213,2.66237,0.00774
2.214,2.66369,0.00774
2.215,2.66501,0.00773
2.216,2.66634,0.00773
2.217,2.66766,0.00773
2.218,2.66898,0.00773
2.219,2.67031,0.00772
2.22,2.67163,0.00772
2.221,2.67295,0.00772
2.222,2.67428,0.00771
2.223,2.6756,0.00771
2.224,2.67693,0.0077
2.225,2.67825,0.0077
2.226,2.67958,0.0077
2.227,2.6809,0.00769
2.228,2.68223,0.00769
2.229,2.68356,0.00769
2.23,2.68488,0.00769
2.231,2.68621,0.00768
2.232,2.68754,0.00768
2.233,2.68887,0.00768
2.234,2.6902,0.00767
2.235,2.69152,0.00767
2.236,2.69285,0.00766
2.237,2.69418,0.00766
2.238,2.69551,0.00766
2.239,2.69684,0.00765
2.24,2.69817,0.00765
2.241,2.6995,0.00765
2.242,2.70083,0.00765
2.243,2.70217,0.00764
2.244,2.7035,0.00764
2.245,2.70483,0.00764
2.246,2.70616,0.00763
2.247,2.70749,0.00763
2.248,2.70882,0.00762
2.249,2.71016,0.00762
2.25,2.71149,0.00762
2.251,2.71283,0.00761
2.252,2.71416,0.00761
2.253,2.7155,0.00761
2.254,2.71683,0.0076
2.255,2.71817,0.0076
2.256,2.7195,0.0076
2.257,2.72084,0.00759
2.258,2.72217,0.00759
2.259,2.72351,0.00758
2.26,2.72485,0.00758
2.261,2.72618,0.00758
2.262,2.72752,0.00757
2.263,2.72886,0.00757
2.264,2.7302,0.00757
2.265,2.73153,0.00757
2.266,2.73287,0.00756
2.267,2.73421,0.00756
2.268,2.73555,0.00756
2.269,2.73689,0.00755
2.27,2.73823,0.00755
2.271,2.73957,0.00754
2.272,2.74091,0.00754
2.273,2.74225,0.00754
2.274,2.74359,0.00753
2.275,2.74493,0.00753
2.276,2.74628,0.00753
2.277,2.74762,0.00753
2.278,2.74896,0.00752
2.279,2.7503,0.00752
2.28,2.75165,0.00752
2.281,2.75299,0.00751
2.282,2.75433,0.00751
2.283,2.75568,0.0075
2.284,2.75702,0.0075
2.285,2.75837,0.0075
2.286,2.75971,0.00749
2.287,2.76106,0.00749
2.288,2.7624,0.00749
2.289,2.76375,0.00749
2.29,2.7651,0.00748
2.291,2.76644,0.00748
2.292,2.76779,0.00748
2.293,2.76914,0.00747
2.294,2.77048,0.00747
2.295,2.77183,0.00746
2.296,2.77318,0.00746
2.297,2.77453,0.00746
2.298,2.77588,0.00745
2.299,2.77723,0.00745
2.3,2.77858,0.00745
2.301,2.77993,0.00745
2.302,2.78128,0.00744
2.303,2.78262,0.00744
2.304,2.78398,0.00744
2.305,2.78533,0.00743
2.306,2.78668,0.00743
2.307,2.78803,0.00742
2.308,2.78938,0.00742
2.309,2.79074,0.00742
2.31,2.79209,0.00742
2.311,2.79344,0.00741
2.312,2.79479,0.00741
2.313,2.79615,0.00741
2.314,2.7975,0.0074
2.315,2.79885,0.0074
2.316,2.80021,0.0074
2.317,2.80156,0.00739
2.318,2.80292,0.00739
2.319,2.80427,0.00738
2.32,2.80563,0.00738
2.321,2.80699,0.00738
2.322,2.80834,0.00738
2.323,2.8097,0.00737
2.324,2.81106,0.00737
2.325,2.81242,0.00737
2.326,2.81377,0.00736
2.327,2.81513,0.00736
2.328,2.81649,0.00736
2.329,2.81785,0.00735
2.33,2.81921,0.00735
2.331,2.82057,0.00734
2.332,2.82192,0.00734
2.333,2.82328,0.00734
2.334,2.82465,0.00734
2.335,2.826,0.00733
2.336,2.82736,0.00733
2.337,2.82873,0.00732
2.338,2.83009,0.00732
2.339,2.83145,0.00732
2.34,2.83281,0.00731
2.341,2.83418,0.00731
2.342,2.83554,0.0073
2.343,2.8369,0.0073
2.344,2.83826,0.0073
2.345,2.83963,0.0073
2.346,2.84099,0.00729
2.347,2.84236,0.00729
2.348,2.84372,0.00729
2.349,2.84509,0.00728
2.35,2.84645,0.00728
2.351,2.84782,0.00727
2.352,2.84918,0.00727
2.353,2.85055,0.00727
2.354,2.85192,0.00726
2.355,2.85328,0.00726
2.356,2.85465,0.00726
2.357,2.85602,0.00726
2.358,2.85739,0.00725
2.359,2.85875,0.00725
2.36,2.86012,0.00725
2.361,2.86149,0.00724
2.362,2.86286,0.00724
2.363,2.86423,0.00724
2.364,2.8656,0.00723
2.365,2.86697,0.00723
2.366,2.86834,0.00722
2.367,2.86971,0.00722
2.368,2.87108,0.00722
2.369,2.87245,0.00721
2.37,2.87382,0.00721
2.371,2.8752,0.0072
2.372,2.87657,0.0072
2.373,2.87794,0.0072
2.374,2.87931,0.00719
2.375,2.88068,0.00719
2.376,2.88206,0.00719
2.377,2.88343,0.00719
2.378,2.88481,0.00718
2.379,2.88618,0.00718
2.38,2.88756,0.00718
2.381,2.88893,0.00717
2.382,2.89031,0.00717
2.383,2.89168,0.00716
2.384,2.89306,0.00716
2.385,2.89443,0.00716
2.386,2.89581,0.00715
2.387,2.89719,0.00715
2.388,2.89856,0.00715
2.389,2.89994,0.00715
2.39,2.90132,0.00714
2.391,2.9027,0.00714
2.392,2.90408,0.00714
2.393,2.90545,0.00713
2.394,2.90683,0.00713
2.395,2.90821,0.00712
2.396,2.90959,0.00712
2.397,2.91097,0.00712
2.398,2.91235,0.00711
2.399,2.91373,0.00711
2.4,2.91512,0.00711
2.401,2.9165,0.0071
2.402,2.91788,0.0071
2.403,2.91926,0.0071
2.404,2.92064,0.00709
2.405,2.92202,0.00709
2.406,2.92341,0.00708
2.407,2.92479,0.00708
2.408,2.92617,0.00708
2.409,2.92756,0.00708
2.41,2.92894,0.00708
2.411,2.93032,0.00707
2.412,2.93171,0.00707
2.413,2.93309,0.00706
2.414,2.93448,0.00706
2.415,2.93586,0.00706
2.416,2.93725,0.00705
2.417,2.93864,0.00705
2.418,2.94002,0.00704
2.419,2.94141,0.00704
2.42,2.9428,0.00704
2.421,2.94419,0.00703
2.422,2.94557,0.00703
2.423,2.94696,0.00702
2.424,2.94835,0.00702
2.425,2.94974,0.00702
2.426,2.95112,0.00702
2.427,2.95251,0.00701
2.428,2.9539,0.00701
2.429,2.95529,0.00701
2.43,2.95668,0.007
2.431,2.95807,0.007
2.432,2.95946,0.007
2.433,2.96086,0.007
2.434,2.96225,0.00699
2.435,2.96364,0.00698
2.436,2.96503,0.00698
2.437,2.96642,0.00698
2.438,2.96782,0.00697
2.439,2.96921,0.00697
2.44,2.9706,0.00697
2.441,2.972,0.00696
2.442,2.97339,0.00696
2.443,2.97478,0.00695
2.444,2.97618,0.00695
2.445,2.97757,0.00695
2.446,2.97897,0.00694
2.447,2.98036,0.00694
2.448,2.98176,0.00694
2.449,2.98315,0.00694
2.45,2.98455,0.00693
2.451,2.98595,0.00693
2.452,2.98734,0.00693
2.453,2.98874,0.00693
2.454,2.99014,0.00692
2.455,2.99154,0.00692
2.456,2.99294,0.00691
2.457,2.99433,0.00691
2.458,2.99573,0.0069
2.459,2.99713,0.0069
2.46,2.99853,0.0069
2.461,2.99993,0.0069
2.462,3.00133,0.00689
2.463,3.00273,0.00688
2.464,3.00413,0.00688
2.465,3.00553,0.00688
2.466,3.00693,0.00687
2.467,3.00833,0.00687
2.468,3.00974,0.00687
2.469,3.01114,0.00686
2.47,3.01254,0.00686
2.471,3.01394,0.00686
2.472,3.01534,0.00685
2.473,3.01675,0.00685
2.474,3.01815,0.00684
2.475,3.01956,0.00684
2.476,3.02096,0.00684
2.477,3.02236,0.00684
2.478,3.02377,0.00683
2.479,3.02517,0.00683
2.48,3.02658,0.00683
2.481,3.02798,0.00682
2.482,3.02939,0.00682
2.483,3.0308,0.00682
2.484,3.0322,0.00681
2.485,3.03361,0.00681
2.486,3.03502,0.0068
2.487,3.03642,0.0068
2.488,3.03783,0.0068
2.489,3.03924,0.0068
2.49,3.04065,0.00679
2.491,3.04206,0.00678
2.492,3.04346,0.00678
2.493,3.04488,0.00678
2.494,3.04628,0.00677
2.495,3.0477,0.00677
2.496,3.0491,0.00677
2.497,3.05052,0.00676
2.498,3.05193,0.00676
2.499,3.05334,0.00676
2.5,3.05475,0.00675
2.501,3.05616,0.00675
2.502,3.05757,0.00674
2.503,3.05898,0.00674
2.504,3.0604,0.00674
2.505,3.06181,0.00674
2.506,3.06322,0.00674
2.507,3.06464,0.00673
2.508,3.06605,0.00673
2.509,3.06746,0.00672
2.51,3.06888,0.00672
2.511,3.07029,0.00672
2.512,3.07171,0.00671
2.513,3.07312,0.00671
2.514,3.07454,0.0067
2.515,3.07595,0.0067
2.516,3.07737,0.0067
2.517,3.07879,0.0067
2.518,3.0802,0.00669
2.519,3.08162,0.00668
2.52,3.08304,0.00668
2.521,3.08446,0.00668
2.522,3.08587,0.00668
2.523,3.08729,0.00667
2.524,3.08871,0.00667
2.525,3.09013,0.00666
2.526,3.09155,0.00666
2.527,3.09297,0.00666
2.528,3.09438,0.00665
2.529,3.09581,0.00665
2.53,3.09723,0.00664
2.531,3.09865,0.00664
2.532,3.10007,0.00664
2.533,3.10149,0.00664
2.534,3.10291,0.00663
2.535,3.10433,0.00662
2.536,3.10575,0.00662
2.537,3.10718,0.00662
2.538,3.1086,0.00661
2.539,3.11002,0.00661
2.54,3.11144,0.00661
2.541,3.11287,0.00661
2.542,3.11429,0.0066
2.543,3.11572,0.0066
2.544,3.11714,0.0066
2.545,3.11856,0.0066
2.546,3.11999,0.00659
2.547,3.12142,0.00658
2.548,3.12284,0.00658
2.549,3.12427,0.00658
2.55,3.12569,0.00657
2.551,3.12712,0.00657
2.552,3.12854,0.00657
2.553,3.12997,0.00656
2.554,3.1314,0.00656
2.555,3.13283,0.00656
2.556,3.13426,0.00655
2.557,3.13568,0.00655
2.558,3.13711,0.00654
2.559,3.13854,0.00654
2.56,3.13997,0.00654
2.561,3.1414,0.00654
2.562,3.14283,0.00653
2.563,3.14426,0.00652
2.564,3.14569,0.00652
2.565,3.14712,0.00652
2.566,3.14855,0.00652
2.567,3.14998,0.00651
2.568,3.15141,0.00651
2.569,3.15284,0.0065
2.57,3.15428,0.0065
2.571,3.15571,0.0065
2.572,3.15714,0.00649
2.573,3.15858,0.00649
2.574,3.16001,0.00648
2.575,3.16144,0.00648
2.576,3.16288,0.00648
2.577,3.16431,0.00648
2.578,3.16574,0.00647
2.579,3.16718,0.00646
2.58,3.16861,0.00646
2.581,3.17005,0.00646
2.582,3.17148,0.00646
2.583,3.17292,0.00645
2.584,3.17436,0.00645
2.585,3.17579,0.00644
2.586,3.17723,0.00644
2.587,3.17867,0.00644
2.588,3.1801,0.00643
2.589,3.18154,0.00643
2.59,3.18298,0.00643
2.591,3.18442,0.00642
2.592,3.18585,0.00642
2.593,3.18729,0.00642
2.594,3.18873,0.00641
2.595,3.19017,0.0064
2.596,3.19161,0.0064
2.597,3.19305,0.0064
2.598,3.19449,0.0064
2.599,3.19593,0.00639
2.6,3.19737,0.00639
2.601,3.19881,0.00638
2.602,3.20025,0.00638
2.603,3.20169,0.00638
2.604,3.20314,0.00637
2.605,3.20458,0.00637
2.606,3.20602,0.00637
2.607,3.20746,0.00636
2.608,3.2089,0.00636
2.609,3.21035,0.00636
2.61,3.21179,0.00635
2.611,3.21324,0.00634
2.612,3.21468,0.00634
2.613,3.21612,0.00634
2.614,3.21757,0.00634
2.615,3.21901,0.00633
2.616,3.22046,0.00633
2.617,3.2219,0.00632
2.618,3.22335,0.00632
2.619,3.2248,0.00632
2.62,3.22624,0.00631
2.621,3.22769,0.00631
2.622,3.22914,0.00631
2.623,3.23058,0.0063
2.624,3.23203,0.0063
2.625,3.23348,0.0063
2.626,3.23493,0.00629
2.627,3.23637,0.00628
2.628,3.23782,0.00628
2.629,3.23927,0.00628
2.63,3.24072,0.00628
2.631,3.24217,0.00627
2.632,3.24362,0.00627
2.633,3.24507,0.00627
2.634,3.24652,0.00626
2.635,3.24797,0.00626
2.636,3.24942,0.00625
2.637,3.25087,0.00625
2.638,3.25232,0.00624
2.639,3.25378,0.00624
2.64,3.25523,0.00624
2.641,3.25668,0.00624
2.642,3.25813,0.00623
2.643,3.25959,0.00622
2.644,3.26104,0.00622
2.645,3.26249,0.00622
2.646,3.26394,0.00622
2.647,3.2654,0.00621
2.648,3.26685,0.00621
2.649,3.26831,0.0062
2.65,3.26976,0.0062
2.651,3.27122,0.0062
2.652,3.27267,0.00619
2.653,3.27413,0.00619
2.654,3.27558,0.00618
2.655,3.27704,0.00618
2.656,3.2785,0.00618
2.657,3.27995,0.00618
2.658,3.28141,0.00617
2.659,3.28287,0.00616
2.66,3.28432,0.00616
2.661,3.28578,0.00616
2.662,3.28724,0.00616
2.663,3.2887,0.00615
2.664,3.29016,0.00615
2.665,3.29162,0.00614
2.666,3.29308,0.00614
2.667,3.29454,0.00614
2.668,3.296,0.00613
2.669,3.29746,0.00613
2.67,3.29892,0.00612
2.671,3.30038,0.00612
2.672,3.30184,0.00612
2.673,3.3033,0.00612
2.674,3.30476,0.00611
2.675,3.30622,0.0061
2.676,3.30768,0.0061
2.677,3.30915,0.0061
2.678,3.31061,0.0061
2.679,3.31207,0.00609
2.68,3.31354,0.00609
2.681,3.315,0.00608
2.682,3.31646,0.00608
2.683,3.31793,0.00608
2.684,3.31939,0.00607
2.685,3.32085,0.00607
2.686,3.32232,0.00607
2.687,3.32378,0.00606
2.688,3.32525,0.00606
2.689,3.32671,0.00606
2.69,3.32818,0.00605
2.691,3.32965,0.00605
2.692,3.33111,0.00604
2.693,3.33258,0.00604
2.694,3.33405,0.00604
2.695,3.33551,0.00603
2.696,3.33698,0.00603
2.697,3.33845,0.00602
2.698,3.33992,0.00602
2.699,3.34138,0.00602
2.7,3.34285,0.00601
2.701,3.34432,0.00601
2.702,3.34579,0.00601
2.703,3.34726,0.006
2.704,3.34873,0.006
2.705,3.3502,0.006
2.706,3.35167,0.00599
2.707,3.35314,0.00599
2.708,3.35461,0.00598
2.709,3.35608,0.00598
2.71,3.35755,0.00598
2.711,3.35903,0.00597
2.712,3.3605,0.00597
2.713,3.36197,0.00597
2.714,3.36344,0.00596
2.715,3.36491,0.00596
2.716,3.36638,0.00595
2.717,3.36786,0.00595
2.718,3.36933,0.00594
2.719,3.37081,0.00594
2.72,3.37228,0.00593
2.721,3.37375,0.00593
2.722,3.37523,0.00593
2.723,3.3767,0.00592
2.724,3.37818,0.00592
2.725,3.37965,0.00592
2.726,3.38113,0.00591
2.727,3.3826,0.00591
2.728,3.38408,0.0059
2.729,3.38556,0.0059
2.73,3.38703,0.0059
2.731,3.38851,0.00589
2.732,3.38999,0.00589
2.733,3.39147,0.00588
2.734,3.39294,0.00588
2.735,3.39442,0.00588
2.736,3.3959,0.00587
2.737,3.39738,0.00587
2.738,3.39886,0.00586
2.739,3.40034,0.00586
2.74,3.40182,0.00586
2.741,3.4033,0.00586
2.742,3.40478,0.00585
2.743,3.40626,0.00585
2.744,3.40774,0.00584
2.745,3.40922,0.00584
2.746,3.4107,0.00584
2.747,3.41218,0.00583
2.748,3.41366,0.00583
2.749,3.41514,0.00582
2.75,3.41662,0.00582
2.751,3.4181,0.00582
2.752,3.41959,0.00581
2.753,3.42107,0.0058
2.754,3.42255,0.0058
2.755,3.42404,0.0058
2.756,3.42552,0.00579
2.757,3.427,0.00579
2.758,3.42849,0.00578
2.759,3.42997,0.00578
2.76,3.43146,0.00578
2.761,3.43294,0.00577
2.762,3.43443,0.00577
2.763,3.43591,0.00576
2.764,3.4374,0.00576
2.765,3.43888,0.00576
2.766,3.44037,0.00576
2.767,3.44185,0.00575
2.768,3.44334,0.00575
2.769,3.44483,0.00574
2.77,3.44632,0.00574
2.771,3.4478,0.00574
2.772,3.44929,0.00573
2.773,3.45078,0.00573
2.774,3.45227,0.00572
2.775,3.45375,0.00572
2.776,3.45524,0.00572
2.777,3.45673,0.00571
2.778,3.45822,0.00571
2.779,3.45971,0.0057
2.78,3.4612,0.0057
2.781,3.46269,0.0057
2.782,3.46418,0.0057
2.783,3.46567,0.00569
2.784,3.46716,0.00569
2.785,3.46865,0.00568
2.786,3.47015,0.00568
2.787,3.47164,0.00568
2.788,3.47313,0.00567
2.789,3.47462,0.00566
2.79,3.47611,0.00566
2.791,3.4776,0.00566
2.792,3.4791,0.00565
2.793,3.48059,0.00565
2.794,3.48208,0.00564
2.795,3.48358,0.00564
2.796,3.48507,0.00564
2.797,3.48657,0.00563
2.798,3.48806,0.00563
2.799,3.48956,0.00562
2.8,3.49105,0.00562
2.801,3.49255,0.00562
2.802,3.49404,0.00561
2.803,3.49554,0.00561
2.804,3.49703,0.00561
2.805,3.49853,0.0056
2.806,3.50002,0.0056
2.807,3.50152,0.0056
2.808,3.50302,0.00559
2.809,3.50452,0.00558
2.81,3.50601,0.00558
2.811,3.50751,0.00558
2.812,3.50901,0.00557
2.813,3.51051,0.00557
2.814,3.512,0.00556
2.815,3.5135,0.00556
2.816,3.515,0.00556
2.817,3.5165,0.00555
2.818,3.518,0.00555
2.819,3.5195,0.00554
2.82,3.521,0.00554
2.821,3.5225,0.00554
2.822,3.524,0.00553
2.823,3.5255,0.00553
2.824,3.527,0.00553
2.825,3.5285,0.00552
2.826,3.53,0.00552
2.827,3.53151,0.00552
2.828,3.53301,0.00551
2.829,3.53451,0.0055
2.83,3.53601,0.0055
2.831,3.53752,0.0055
2.832,3.53902,0.00549
2.833,3.54052,0.00549
2.834,3.54202,0.00548
2.835,3.54353,0.00548
2.836,3.54503,0.00548
2.837,3.54654,0.00547
2.838,3.54804,0.00547
2.839,3.54955,0.00546
2.84,3.55105,0.00546
2.841,3.55256,0.00546
2.842,3.55406,0.00545
2.843,3.55557,0.00545
2.844,3.55707,0.00545
2.845,3.55858,0.00544
2.846,3.56009,0.00544
2.847,3.56159,0.00544
2.848,3.5631,0.00543
2.849,3.56461,0.00542
2.85,3.56611,0.00542
2.851,3.56762,0.00542
2.852,3.56913,0.00541
2.853,3.57064,0.00541
2.854,3.57214,0.0054
2.855,3.57365,0.0054
2.856,3.57516,0.0054
2.857,3.57667,0.00539
2.858,3.57818,0.00539
2.859,3.57969,0.00538
2.86,3.5812,0.00538
2.861,3.58271,0.00538
2.862,3.58422,0.00538
2.863,3.58573,0.00537
2.864,3.58724,0.00537
2.865,3.58875,0.00536
2.866,3.59026,0.00536
2.867,3.59177,0.00536
2.868,3.59328,0.00535
2.869,3.5948,0.00534
2.87,3.59631,0.00534
2.871,3.59782,0.00534
2.872,3.59934,0.00533
2.873,3.60084,0.00533
2.874,3.60235,0.00532
2.875,3.60385,0.00532
2.876,3.60536,0.00532
2.877,3.60031,0.00531
2.878,3.59526,0.00531
2.879,3.59021,0.0053
2.88,3.58516,0.0053
2.881,3.58558,0.0053
2.882,3.58601,0.00529
2.883,3.58644,0.00529
2.884,3.58687,0.00529
2.885,3.5873,0.00528
2.886,3.58772,0.00528
2.887,3.58815,0.00528
2.888,3.58858,0.00527
2.889,3.589,0.00526
2.89,3.58943,0.00526
2.891,3.58986,0.00526
2.892,3.59029,0.00525
2.893,3.59071,0.00525
2.894,3.59114,0.00524
2.895,3.59157,0.00524
2.896,3.592,0.00524
2.897,3.59242,0.00523
2.898,3.59285,0.00523
2.899,3.59328,0.00522
2.9,3.5937,0.00522
2.901,3.59413,0.00521
2.902,3.59456,0.00521
2.903,3.59498,0.0052
2.904,3.59541,0.0052
2.905,3.59583,0.0052
2.906,3.59626,0.00519
2.907,3.59668,0.00519
2.908,3.59711,0.00519
2.909,3.59753,0.00518
2.91,3.59796,0.00518
2.911,3.59838,0.00518
2.912,3.5988,0.00517
2.913,3.59923,0.00517
2.914,3.59965,0.00516
2.915,3.60007,0.00516
2.916,3.6005,0.00516
2.917,3.60092,0.00515
2.918,3.60134,0.00515
2.919,3.60177,0.00514
2.92,3.60219,0.00514
2.921,3.60261,0.00513
2.922,3.60303,0.00513
2.923,3.60346,0.00512
2.924,3.60388,0.00512
2.925,3.6043,0.00512
2.926,3.60472,0.00512
2.927,3.60514,0.00511
2.928,3.60556,0.00511
2.929,3.60599,0.0051
2.93,3.60641,0.0051
2.931,3.60683,0.00509
2.932,3.60725,0.00509
2.933,3.60767,0.00508
2.934,3.60809,0.00508
2.935,3.60851,0.00507
2.936,3.60893,0.00507
2.937,3.60935,0.00507
2.938,3.60977,0.00506
2.939,3.61019,0.00506
2.94,3.61062,0.00506
2.941,3.61104,0.00505
2.942,3.61146,0.00505
2.943,3.61188,0.00504
2.944,3.6123,0.00504
2.945,3.61271,0.00504
2.946,3.61313,0.00503
2.947,3.61355,0.00503
2.948,3.61397,0.00503
2.949,3.61439,0.00502
2.95,3.61481,0.00502
2.951,3.61523,0.00501
2.952,3.61565,0.00501
2.953,3.61607,0.005
2.954,3.61648,0.005
2.955,3.6169,0.00499
2.956,3.61732,0.00499
2.957,3.61774,0.00499
2.958,3.61816,0.00498
2.959,3.61857,0.00498
2.96,3.61899,0.00498
2.961,3.61941,0.00498
2.962,3.61983,0.00497
2.963,3.62024,0.00496
2.964,3.62066,0.00496
2.965,3.62108,0.00496
2.966,3.6215,0.00495
2.967,3.62191,0.00494
2.968,3.62233,0.00494
2.969,3.62275,0.00494
2.97,3.62316,0.00493
2.971,3.62358,0.00493
2.972,3.624,0.00493
2.973,3.62441,0.00493
2.974,3.62483,0.00492
2.975,3.62524,0.00492
2.976,3.62566,0.00491
2.977,3.62608,0.00491
2.978,3.62649,0.0049
2.979,3.6269,0.0049
2.98,3.62732,0.00489
2.981,3.62774,0.00489
2.982,3.62815,0.00488
2.983,3.62856,0.00488
2.984,3.62898,0.00488
2.985,3.62939,0.00488
2.986,3.62981,0.00487
2.987,3.63022,0.00486
2.988,3.63064,0.00486
2.989,3.63105,0.00486
2.99,3.63147,0.00485
2.991,3.63188,0.00485
2.992,3.6323,0.00485
2.993,3.63271,0.00485
2.994,3.63312,0.00484
2.995,3.63354,0.00484
2.996,3.63395,0.00483
2.997,3.63436,0.00483
2.998,3.63478,0.00482
2.999,3.63519,0.00482
3,3.6356,0.00481
3.001,3.63602,0.00481
3.002,3.63643,0.0048
3.003,3.63684,0.0048
3.004,3.63725,0.0048
3.005,3.63766,0.0048
3.006,3.63808,0.00479
3.007,3.63849,0.00478
3.008,3.6389,0.00478
3.009,3.63931,0.00478
3.01,3.63972,0.00477
3.011,3.64014,0.00476
3.012,3.64055,0.00476
3.013,3.64096,0.00476
3.014,3.64137,0.00475
3.015,3.64178,0.00475
3.016,3.64219,0.00475
3.017,3.6426,0.00474
3.018,3.64301,0.00474
3.019,3.64342,0.00473
3.02,3.64384,0.00473
3.021,3.64424,0.00473
3.022,3.64466,0.00472
3.023,3.64506,0.00472
3.024,3.64548,0.00472
3.025,3.64588,0.00472
3.026,3.6463,0.00471
3.027,3.6467,0.0047
3.028,3.64712,0.0047
3.029,3.64752,0.0047
3.03,3.64793,0.00469
3.031,3.64834,0.00468
3.032,3.64875,0.00468
3.033,3.64916,0.00468
3.034,3.64957,0.00467
3.035,3.64998,0.00467
3.036,3.65039,0.00467
3.037,3.6508,0.00466
3.038,3.6512,0.00466
3.039,3.65161,0.00465
3.04,3.65202,0.00465
3.041,3.65243,0.00464
3.042,3.65284,0.00464
3.043,3.65324,0.00463
3.044,3.65365,0.00463
3.045,3.65406,0.00463
3.046,3.65447,0.00462
3.047,3.65488,0.00462
3.048,3.65528,0.00462
3.049,3.65569,0.00462
3.05,3.6561,0.00461
3.051,3.6565,0.0046
3.052,3.65691,0.0046
3.053,3.65732,0.0046
3.054,3.65772,0.00459
3.055,3.65813,0.00458
3.056,3.65854,0.00458
3.057,3.65894,0.00458
3.058,3.65935,0.00457
3.059,3.65975,0.00457
3.06,3.66016,0.00457
3.061,3.66056,0.00457
3.062,3.66097,0.00456
3.063,3.66137,0.00456
3.064,3.66178,0.00455
3.065,3.66218,0.00455
3.066,3.66259,0.00454
3.067,3.663,0.00454
3.068,3.6634,0.00453
3.069,3.6638,0.00453
3.07,3.66421,0.00452
3.071,3.66461,0.00452
3.072,3.66502,0.00452
3.073,3.66542,0.00452
3.074,3.66583,0.00451
3.075,3.66623,0.0045
3.076,3.66664,0.0045
3.077,3.66704,0.0045
3.078,3.66744,0.0045
3.079,3.66785,0.00449
3.08,3.66825,0.00449
3.081,3.66865,0.00448
3.082,3.66906,0.00448
3.083,3.66946,0.00448
3.084,3.66986,0.00447
3.085,3.67026,0.00446
3.086,3.67067,0.00446
3.087,3.67107,0.00446
3.088,3.67147,0.00445
3.089,3.67187,0.00445
3.09,3.67228,0.00445
3.091,3.67268,0.00444
3.092,3.67308,0.00444
3.093,3.67348,0.00444
3.094,3.67388,0.00443
3.095,3.67429,0.00442
3.096,3.67469,0.00442
3.097,3.67509,0.00442
3.098,3.67549,0.00441
3.099,3.67589,0.0044
3.1,3.67629,0.0044
3.101,3.67669,0.0044
3.102,3.67709,0.0044
3.103,3.67749,0.00439
3.104,3.6779,0.00439
3.105,3.6783,0.00438
3.106,3.6787,0.00438
3.107,3.6791,0.00437
3.108,3.6795,0.00437
3.109,3.6799,0.00436
3.11,3.6803,0.00436
3.111,3.6807,0.00435
3.112,3.6811,0.00435
3.113,3.6815,0.00435
3.114,3.6819,0.00435
3.115,3.6823,0.00434
3.116,3.6827,0.00434
3.117,3.68309,0.00434
3.118,3.68349,0.00433
3.119,3.68389,0.00432
3.12,3.68429,0.00432
3.121,3.68469,0.00432
3.122,3.68509,0.00431
3.123,3.68548,0.0043
3.124,3.68588,0.0043
3.125,3.68628,0.0043
3.126,3.68668,0.0043
3.127,3.68708,0.00429
3.128,3.68748,0.00429
3.129,3.68787,0.00429
3.13,3.68827,0.00428
3.131,3.68867,0.00428
3.132,3.68906,0.00427
3.133,3.68946,0.00427
3.134,3.68986,0.00426
3.135,3.69026,0.00426
3.136,3.69065,0.00425
3.137,3.69105,0.00425
3.138,3.69145,0.00425
3.139,3.69184,0.00424
3.14,3.69224,0.00424
3.141,3.69264,0.00424
3.142,3.69303,0.00423
3.143,3.69343,0.00422
3.144,3.69382,0.00422
3.145,3.69422,0.00422
3.146,3.69462,0.00421
3.147,3.69501,0.0042
3.148,3.69541,0.0042
3.149,3.6958,0.0042
3.15,3.6962,0.0042
3.151,3.69659,0.00419
3.152,3.69699,0.00419
3.153,3.69738,0.00419
3.154,3.69778,0.00418
3.155,3.69817,0.00418
3.156,3.69856,0.00417
3.157,3.69896,0.00417
3.158,3.69935,0.00417
3.159,3.69975,0.00416
3.16,3.70014,0.00416
3.161,3.70054,0.00416
3.162,3.70093,0.00415
3.163,3.70132,0.00414
3.164,3.70172,0.00414
3.165,3.70211,0.00414
3.166,3.7025,0.00413
3.167,3.7029,0.00412
3.168,3.70329,0.00412
3.169,3.70368,0.00412
3.17,3.70408,0.00412
3.171,3.70447,0.00411
3.172,3.70486,0.00411
3.173,3.70526,0.0041
3.174,3.70565,0.0041
3.175,3.70604,0.00409
3.176,3.70643,0.00409
3.177,3.70682,0.00408
3.178,3.70722,0.00408
3.179,3.70761,0.00407
3.18,3.708,0.00407
3.181,3.70839,0.00407
3.182,3.70878,0.00407
3.183,3.70917,0.00406
3.184,3.70956,0.00406
3.185,3.70996,0.00406
3.186,3.71035,0.00405
3.187,3.71074,0.00404
3.188,3.71113,0.00404
3.189,3.71152,0.00404
3.19,3.71191,0.00403
3.191,3.7123,0.00402
3.192,3.71269,0.00402
3.193,3.71308,0.00402
3.194,3.71347,0.00402
3.195,3.71386,0.00401
3.196,3.71425,0.00401
3.197,3.71464,0.004
3.198,3.71503,0.004
3.199,3.71542,0.00399
3.2,3.71581,0.00399
3.201,3.7162,0.00398
3.202,3.71659,0.00398
3.203,3.71698,0.00398
3.204,3.71737,0.00397
3.205,3.71776,0.00397
3.206,3.71814,0.00397
3.207,3.71853,0.00396
3.208,3.71892,0.00396
3.209,3.71931,0.00396
3.21,3.7197,0.00395
3.211,3.72009,0.00395
3.212,3.72048,0.00394
3.213,3.72086,0.00394
3.214,3.72125,0.00393
3.215,3.72164,0.00393
3.216,3.72202,0.00392
3.217,3.72241,0.00392
3.218,3.7228,0.00392
3.219,3.72319,0.00391
3.22,3.72358,0.00391
3.221,3.72396,0.00391
3.222,3.72435,0.0039
3.223,3.72474,0.0039
3.224,3.72512,0.00389
3.225,3.72551,0.00389
3.226,3.7259,0.00388
3.227,3.72628,0.00388
3.228,3.72667,0.00387
3.229,3.72705,0.00387
3.23,3.72744,0.00387
3.231,3.72783,0.00386
3.232,3.72821,0.00386
3.233,3.7286,0.00386
3.234,3.72898,0.00385
3.235,3.72937,0.00385
3.236,3.72976,0.00384
3.237,3.73014,0.00384
3.238,3.73052,0.00383
3.239,3.73091,0.00383
3.24,3.7313,0.00382
3.241,3.73168,0.00382
3.242,3.73206,0.00382
3.243,3.73245,0.00381
3.244,3.73283,0.00381
3.245,3.73322,0.00381
3.246,3.7336,0.0038
3.247,3.73398,0.0038
3.248,3.73437,0.00379
3.249,3.73475,0.00378
3.25,3.73513,0.00378
3.251,3.73552,0.00377
3.252,3.7359,0.00377
3.253,3.73629,0.00377
3.254,3.73667,0.00376
3.255,3.73705,0.00376
3.256,3.73744,0.00376
3.257,3.73782,0.00375
3.258,3.7382,0.00375
3.259,3.73858,0.00374
3.26,3.73897,0.00374
3.261,3.73935,0.00373
3.262,3.73973,0.00373
3.263,3.74011,0.00372
3.264,3.7405,0.00372
3.265,3.74088,0.00372
3.266,3.74126,0.00371
3.267,3.74164,0.00371
3.268,3.74202,0.00371
3.269,3.7424,0.0037
3.27,3.74278,0.0037
3.271,3.74317,0.00369
3.272,3.74355,0.00369
3.273,3.74393,0.00368
3.274,3.74431,0.00368
3.275,3.74469,0.00367
3.276,3.74507,0.00367
3.277,3.74545,0.00367
3.278,3.74583,0.00366
3.279,3.74621,0.00366
3.28,3.7466,0.00366
3.281,3.74697,0.00365
3.282,3.74735,0.00365
3.283,3.74773,0.00364
3.284,3.74811,0.00364
3.285,3.74849,0.00363
3.286,3.74887,0.00363
3.287,3.74925,0.00362
3.288,3.74963,0.00362
3.289,3.75001,0.00362
3.29,3.75039,0.00361
3.291,3.75077,0.00361
3.292,3.75115,0.00361
3.293,3.75153,0.0036
3.294,3.7519,0.0036
3.295,3.75228,0.00359
3.296,3.75266,0.00359
3.297,3.75304,0.00358
3.298,3.75342,0.00358
3.299,3.7538,0.00357
3.3,3.75418,0.00357
3.301,3.75455,0.00357
3.302,3.75493,0.00356
3.303,3.75531,0.00356
3.304,3.75569,0.00356
3.305,3.75606,0.00355
3.306,3.75644,0.00355
3.307,3.75682,0.00354
3.308,3.7572,0.00354
3.309,3.75757,0.00353
3.31,3.75795,0.00353
3.311,3.75833,0.00352
3.312,3.7587,0.00352
3.313,3.75908,0.00352
3.314,3.75946,0.00351
3.315,3.75983,0.00351
3.316,3.76021,0.00351
3.317,3.76058,0.0035
3.318,3.76096,0.0035
3.319,3.76134,0.00349
3.32,3.76171,0.00349
3.321,3.76209,0.00348
3.322,3.76246,0.00348
3.323,3.76284,0.00347
3.324,3.76321,0.00347
3.325,3.76359,0.00347
3.326,3.76396,0.00346
3.327,3.76434,0.00346
3.328,3.76471,0.00346
3.329,3.76509,0.00345
3.33,3.76546,0.00345
3.331,3.76584,0.00344
3.332,3.76621,0.00344
3.333,3.76659,0.00343
3.334,3.76696,0.00343
3.335,3.76733,0.00342
3.336,3.76771,0.00342
3.337,3.76808,0.00341
3.338,3.76846,0.00341
3.339,3.76883,0.0034
3.34,3.7692,0.0034
3.341,3.76958,0.0034
3.342,3.76995,0.00339
3.343,3.77032,0.00339
3.344,3.7707,0.00339
3.345,3.77107,0.00338
3.346,3.77144,0.00338
3.347,3.77181,0.00337
3.348,3.77219,0.00337
3.349,3.77256,0.00336
3.35,3.77293,0.00336
3.351,3.7733,0.00335
3.352,3.77368,0.00335
3.353,3.77405,0.00335
3.354,3.77442,0.00334
3.355,3.77479,0.00334
3.356,3.77516,0.00334
3.357,3.77553,0.00333
3.358,3.77591,0.00333
3.359,3.77628,0.00332
3.36,3.77665,0.00332
3.361,3.77702,0.00331
3.362,3.77739,0.00331
3.363,3.77776,0.0033
3.364,3.77813,0.0033
3.365,3.7785,0.0033
3.366,3.77887,0.00329
3.367,3.77924,0.00329
3.368,3.77962,0.00329
3.369,3.77999,0.00328
3.37,3.78036,0.00328
3.371,3.78073,0.00327
3.372,3.7811,0.00327
3.373,3.78146,0.00326
3.374,3.78183,0.00326
3.375,3.7822,0.00325
3.376,3.78257,0.00325
3.377,3.78294,0.00325
3.378,3.78331,0.00324
3.379,3.78368,0.00324
3.38,3.78405,0.00324
3.381,3.78442,0.00323
3.382,3.78479,0.00323
3.383,3.78516,0.00322
3.384,3.78552,0.00322
3.385,3.78589,0.00321
3.386,3.78626,0.00321
3.387,3.78663,0.0032
3.388,3.787,0.0032
3.389,3.78737,0.0032
3.39,3.78773,0.00319
3.391,3.7881,0.00319
3.392,3.78847,0.00319
3.393,3.78884,0.00318
3.394,3.7892,0.00318
3.395,3.78957,0.00317
3.396,3.78994,0.00317
3.397,3.79031,0.00316
3.398,3.79067,0.00316
3.399,3.79104,0.00315
3.4,3.79141,0.00315
3.401,3.79177,0.00315
3.402,3.79214,0.00314
3.403,3.79251,0.00314
3.404,3.79287,0.00314
3.405,3.79324,0.00313
3.406,3.79361,0.00313
3.407,3.79397,0.00312
3.408,3.79434,0.00312
3.409,3.7947,0.00311
3.41,3.79507,0.00311
3.411,3.79543,0.0031
3.412,3.7958,0.0031
3.413,3.79616,0.0031
3.414,3.79653,0.00309
3.415,3.79689,0.00309
3.416,3.79726,0.00309
3.417,3.79762,0.00308
3.418,3.79799,0.00308
3.419,3.79835,0.00307
3.42,3.79872,0.00307
3.421,3.79908,0.00306
3.422,3.79945,0.00306
3.423,3.79981,0.00305
3.424,3.80018,0.00305
3.425,3.80054,0.00304
3.426,3.8009,0.00304
3.427,3.80127,0.00303
3.428,3.80163,0.00303
3.429,3.80199,0.00303
3.43,3.80236,0.00302
3.431,3.80272,0.00302
3.432,3.80308,0.00302
3.433,3.80345,0.00301
3.434,3.80381,0.00301
3.435,3.80417,0.003
3.436,3.80454,0.003
3.437,3.8049,0.00299
3.438,3.80526,0.00299
3.439,3.80562,0.00298
3.44,3.80598,0.00298
3.441,3.80635,0.00298
3.442,3.80671,0.00297
3.443,3.80707,0.00297
3.444,3.80743,0.00297
3.445,3.80779,0.00296
3.446,3.80816,0.00296
3.447,3.80852,0.00295
3.448,3.80888,0.00295
3.449,3.80924,0.00294
3.45,3.8096,0.00294
3.451,3.80996,0.00293
3.452,3.81032,0.00293
3.453,3.81069,0.00293
3.454,3.81105,0.00292
3.455,3.81141,0.00292
3.456,3.81177,0.00292
3.457,3.81213,0.00292
3.458,3.81249,0.00291
3.459,3.81285,0.0029
3.46,3.81321,0.0029
3.461,3.81357,0.0029
3.462,3.81393,0.00289
3.463,3.81429,0.00288
3.464,3.81465,0.00288
3.465,3.81501,0.00288
3.466,3.81537,0.00287
3.467,3.81573,0.00287
3.468,3.81608,0.00287
3.469,3.81644,0.00287
3.47,3.8168,0.00286
3.471,3.81716,0.00285
3.472,3.81752,0.00285
3.473,3.81788,0.00285
3.474,3.81824,0.00284
3.475,3.8186,0.00283
3.476,3.81896,0.00283
3.477,3.81931,0.00283
3.478,3.81967,0.00282
3.479,3.82003,0.00281
3.48,3.82039,0.00281
3.481,3.82074,0.00281
3.482,3.8211,0.0028
3.483,3.82146,0.0028
3.484,3.82182,0.0028
3.485,3.82217,0.0028
3.486,3.82253,0.00279
3.487,3.82289,0.00278
3.488,3.82325,0.00278
3.489,3.8236,0.00278
3.49,3.82396,0.00277
3.491,3.82432,0.00276
3.492,3.82467,0.00276
3.493,3.82503,0.00276
3.494,3.82538,0.00275
3.495,3.82574,0.00275
3.496,3.8261,0.00275
3.497,3.82645,0.00275
3.498,3.82681,0.00274
3.499,3.82717,0.00273
3.5,3.82752,0.00273
3.501,3.82788,0.00273
3.502,3.82823,0.00272
3.503,3.82859,0.00271
3.504,3.82894,0.00271
3.505,3.8293,0.00271
3.506,3.82965,0.0027
3.507,3.83001,0.0027
3.508,3.83036,0.0027
3.509,3.83072,0.0027
3.51,3.83107,0.00269
3.511,3.83143,0.00268
3.512,3.83178,0.00268
3.513,3.83214,0.00268
3.514,3.83249,0.00267
3.515,3.83284,0.00266
3.516,3.8332,0.00266
3.517,3.83355,0.00266
3.518,3.8339,0.00265
3.519,3.83426,0.00264
3.52,3.83461,0.00264
3.521,3.83497,0.00264
3.522,3.83532,0.00263
3.523,3.83567,0.00263
3.524,3.83602,0.00263
3.525,3.83638,0.00263
3.526,3.83673,0.00262
3.527,3.83708,0.00261
3.528,3.83744,0.00261
3.529,3.83779,0.00261
3.53,3.83814,0.0026
3.531,3.83849,0.00259
3.532,3.83884,0.00259
3.533,3.8392,0.00259
3.534,3.83955,0.00258
3.535,3.8399,0.00258
3.536,3.84026,0.00258
3.537,3.84061,0.00258
3.538,3.84096,0.00257
3.539,3.84131,0.00256
3.54,3.84166,0.00256
3.541,3.84201,0.00256
3.542,3.84236,0.00255
3.543,3.84271,0.00254
3.544,3.84306,0.00254
3.545,3.84342,0.00254
3.546,3.84377,0.00253
3.547,3.84412,0.00253
3.548,3.84447,0.00253
3.549,3.84482,0.00253
3.55,3.84517,0.00252
3.551,3.84552,0.00251
3.552,3.84587,0.00251
3.553,3.84622,0.00251
3.554,3.84657,0.0025
3.555,3.84692,0.00249
3.556,3.84726,0.00249
3.557,3.84761,0.00249
3.558,3.84796,0.00248
3.559,3.84831,0.00247
3.56,3.84866,0.00247
3.561,3.84901,0.00247
3.562,3.84936,0.00246
3.563,3.84971,0.00246
3.564,3.85006,0.00246
3.565,3.85041,0.00246
3.566,3.85076,0.00245
3.567,3.8511,0.00244
3.568,3.85145,0.00244
3.569,3.8518,0.00244
3.57,3.85215,0.00243
3.571,3.8525,0.00242
3.572,3.85284,0.00242
3.573,3.85319,0.00242
3.574,3.85354,0.00241
3.575,3.85389,0.00241
3.576,3.85424,0.00241
3.577,3.85458,0.00241
3.578,3.85493,0.0024
3.579,3.85528,0.00239
3.58,3.85562,0.00239
3.581,3.85597,0.00239
3.582,3.85632,0.00238
3.583,3.85666,0.00237
3.584,3.85701,0.00237
3.585,3.85736,0.00237
3.586,3.8577,0.00236
3.587,3.85805,0.00235
3.588,3.8584,0.00235
3.589,3.85874,0.00235
3.59,3.85909,0.00235
3.591,3.85943,0.00234
3.592,3.85978,0.00234
3.593,3.86012,0.00234
3.594,3.86047,0.00233
3.595,3.86081,0.00232
3.596,3.86116,0.00232
3.597,3.8615,0.00232
3.598,3.86185,0.00231
3.599,3.8622,0.0023
3.6,3.86254,0.0023
3.601,3.86288,0.0023
3.602,3.86323,0.0023
3.603,3.86357,0.00229
3.604,3.86392,0.00229
3.605,3.86426,0.00229
3.606,3.86461,0.00228
3.607,3.86495,0.00227
3.608,3.8653,0.00227
3.609,3.86564,0.00227
3.61,3.86598,0.00226
3.611,3.86632,0.00225
3.612,3.86667,0.00225
3.613,3.86701,0.00225
3.614,3.86736,0.00225
3.615,3.8677,0.00224
3.616,3.86804,0.00224
3.617,3.86838,0.00224
3.618,3.86873,0.00223
3.619,3.86907,0.00222
3.62,3.86941,0.00222
3.621,3.86976,0.00222
3.622,3.8701,0.00221
3.623,3.87044,0.0022
3.624,3.87078,0.0022
3.625,3.87112,0.0022
3.626,3.87147,0.00219
3.627,3.87181,0.00218
3.628,3.87215,0.00218
3.629,3.87249,0.00218
3.63,3.87283,0.00218
3.631,3.87317,0.00217
3.632,3.87352,0.00217
3.633,3.87386,0.00217
3.634,3.8742,0.00216
3.635,3.87454,0.00215
3.636,3.87488,0.00215
3.637,3.87522,0.00215
3.638,3.87556,0.00214
3.639,3.8759,0.00213
3.64,3.87624,0.00213
3.641,3.87658,0.00213
3.642,3.87692,0.00213
3.643,3.87726,0.00212
3.644,3.8776,0.00212
3.645,3.87794,0.00212
3.646,3.87828,0.00211
3.647,3.87862,0.0021
3.648,3.87896,0.0021
3.649,3.8793,0.0021
3.65,3.87964,0.00209
3.651,3.87998,0.00208
3.652,3.88032,0.00208
3.653,3.88066,0.00208
3.654,3.881,0.00207
3.655,3.88134,0.00206
3.656,3.88168,0.00206
3.657,3.88201,0.00206
3.658,3.88235,0.00206
3.659,3.88269,0.00205
3.66,3.88303,0.00205
3.661,3.88337,0.00205
3.662,3.88371,0.00204
3.663,3.88404,0.00203
3.664,3.88438,0.00203
3.665,3.88472,0.00203
3.666,3.88506,0.00202
3.667,3.8854,0.00201
3.668,3.88573,0.00201
3.669,3.88607,0.00201
3.67,3.88641,0.002
3.671,3.88674,0.00199
3.672,3.88708,0.00199
3.673,3.88742,0.00199
3.674,3.88776,0.00199
3.675,3.88809,0.00198
3.676,3.88843,0.00198
3.677,3.88877,0.00198
3.678,3.8891,0.00197
3.679,3.88944,0.00196
3.68,3.88978,0.00196
3.681,3.89011,0.00196
3.682,3.89045,0.00195
3.683,3.89078,0.00194
3.684,3.89112,0.00194
3.685,3.89145,0.00194
3.686,3.89179,0.00194
3.687,3.89212,0.00193
3.688,3.89246,0.00193
3.689,3.8928,0.00193
3.69,3.89313,0.00192
3.691,3.89346,0.00191
3.692,3.8938,0.00191
3.693,3.89414,0.00191
3.694,3.89447,0.0019
3.695,3.89481,0.00189
3.696,3.89514,0.00189
3.697,3.89547,0.00189
3.698,3.89581,0.00188
3.699,3.89614,0.00187
3.7,3.89648,0.00187
3.701,3.89681,0.00187
3.702,3.89714,0.00187
3.703,3.89748,0.00186
3.704,3.89781,0.00186
3.705,3.89814,0.00186
3.706,3.89848,0.00185
3.707,3.89881,0.00184
3.708,3.89914,0.00184
3.709,3.89948,0.00184
3.71,3.89981,0.00183
3.711,3.90014,0.00182
3.712,3.90048,0.00182
3.713,3.90081,0.00182
3.714,3.90114,0.00182
3.715,3.90147,0.00181
3.716,3.9018,0.00181
3.717,3.90214,0.00181
3.718,3.90247,0.0018
3.719,3.9028,0.0018
3.72,3.90314,0.00179
3.721,3.90347,0.00179
3.722,3.9038,0.00178
3.723,3.90413,0.00178
3.724,3.90446,0.00177
3.725,3.90479,0.00177
3.726,3.90512,0.00176
3.727,3.90545,0.00176
3.728,3.90578,0.00175
3.729,3.90612,0.00175
3.73,3.90645,0.00175
3.731,3.90678,0.00174
3.732,3.90711,0.00174
3.733,3.90744,0.00174
3.734,3.90777,0.00173
3.735,3.9081,0.00173
3.736,3.90843,0.00172
3.737,3.90876,0.00172
3.738,3.90909,0.00171
3.739,3.90942,0.00171
3.74,3.90975,0.0017
3.741,3.91008,0.0017
3.742,3.91041,0.00169
3.743,3.91074,0.00169
3.744,3.91107,0.00168
3.745,3.9114,0.00168
3.746,3.91173,0.00168
3.747,3.91206,0.00167
3.748,3.91238,0.00167
3.749,3.91271,0.00166
3.75,3.91304,0.00166
3.751,3.91337,0.00166
3.752,3.9137,0.00165
3.753,3.91403,0.00164
3.754,3.91436,0.00164
3.755,3.91468,0.00163
3.756,3.91501,0.00163
3.757,3.91534,0.00163
3.758,3.91567,0.00162
3.759,3.916,0.00162
3.76,3.91632,0.00162
3.761,3.91665,0.00161
3.762,3.91698,0.00161
3.763,3.91731,0.0016
3.764,3.91764,0.0016
3.765,3.91796,0.00159
3.766,3.91829,0.00159
3.767,3.91862,0.00158
3.768,3.91894,0.00158
3.769,3.91927,0.00157
3.77,3.9196,0.00157
3.771,3.91992,0.00156
3.772,3.92025,0.00156
3.773,3.92058,0.00156
3.774,3.9209,0.00155
3.775,3.92123,0.00155
3.776,3.92155,0.00155
3.777,3.92188,0.00154
3.778,3.92221,0.00154
3.779,3.92253,0.00153
3.78,3.92286,0.00153
3.781,3.92318,0.00152
3.782,3.92351,0.00152
3.783,3.92383,0.00151
3.784,3.92416,0.00151
3.785,3.92448,0.0015
3.786,3.92481,0.0015
3.787,3.92513,0.00149
3.788,3.92546,0.00149
3.789,3.92578,0.00149
3.79,3.92611,0.00148
3.791,3.92643,0.00148
3.792,3.92676,0.00148
3.793,3.92708,0.00147
3.794,3.9274,0.00147
3.795,3.92773,0.00146
3.796,3.92805,0.00146
3.797,3.92838,0.00145
3.798,3.9287,0.00145
3.799,3.92902,0.00144
3.8,3.92934,0.00144
3.801,3.92967,0.00144
3.802,3.92999,0.00143
3.803,3.93032,0.00143
3.804,3.93064,0.00143
3.805,3.93096,0.00142
3.806,3.93128,0.00142
3.807,3.93161,0.00141
3.808,3.93193,0.00141
3.809,3.93225,0.0014
3.81,3.93258,0.0014
3.811,3.9329,0.00139
3.812,3.93322,0.00139
3.813,3.93354,0.00138
3.814,3.93386,0.00138
3.815,3.93419,0.00137
3.816,3.93451,0.00137
3.817,3.93483,0.00137
3.818,3.93515,0.00136
3.819,3.93547,0.00136
3.82,3.93579,0.00136
3.821,3.93611,0.00135
3.822,3.93644,0.00135
3.823,3.93676,0.00134
3.824,3.93708,0.00134
3.825,3.9374,0.00133
3.826,3.93772,0.00133
3.827,3.93804,0.00132
3.828,3.93836,0.00132
3.829,3.93868,0.00131
3.83,3.939,0.00131
3.831,3.93932,0.0013
3.832,3.93964,0.0013
3.833,3.93996,0.0013
3.834,3.94028,0.00129
3.835,3.9406,0.00129
3.836,3.94092,0.00129
3.837,3.94124,0.00128
3.838,3.94156,0.00128
3.839,3.94188,0.00127
3.84,3.9422,0.00127
3.841,3.94252,0.00126
3.842,3.94284,0.00126
3.843,3.94316,0.00125
3.844,3.94348,0.00125
3.845,3.94379,0.00124
3.846,3.94411,0.00124
3.847,3.94443,0.00123
3.848,3.94475,0.00123
3.849,3.94507,0.00123
3.85,3.94539,0.00122
3.851,3.9457,0.00122
3.852,3.94602,0.00122
3.853,3.94634,0.00121
3.854,3.94666,0.00121
3.855,3.94698,0.0012
3.856,3.94729,0.0012
3.857,3.94761,0.00119
3.858,3.94793,0.00119
3.859,3.94824,0.00118
3.86,3.94856,0.00118
3.861,3.94888,0.00118
3.862,3.9492,0.00117
3.863,3.94951,0.00117
3.864,3.94983,0.00117
3.865,3.95015,0.00116
3.866,3.95046,0.00116
3.867,3.95078,0.00115
3.868,3.9511,0.00115
3.869,3.95141,0.00114
3.87,3.95173,0.00114
3.871,3.95205,0.00113
3.872,3.95236,0.00113
3.873,3.95268,0.00112
3.874,3.95299,0.00112
3.875,3.95331,0.00111
3.876,3.95362,0.00111
3.877,3.95394,0.00111
3.878,3.95426,0.0011
3.879,3.95457,0.0011
3.88,3.95488,0.0011
3.881,3.9552,0.00109
3.882,3.95552,0.00109
3.883,3.95583,0.00108
3.884,3.95614,0.00108
3.885,3.95646,0.00107
3.886,3.95677,0.00107
3.887,3.95709,0.00106
3.888,3.9574,0.00106
3.889,3.95772,0.00105
3.89,3.95803,0.00105
3.891,3.95834,0.00104
3.892,3.95866,0.00104
3.893,3.95897,0.00104
3.894,3.95929,0.00103
3.895,3.9596,0.00103
3.896,3.95991,0.00103
3.897,3.96023,0.00102
3.898,3.96054,0.00102
3.899,3.96085,0.00101
3.9,3.96116,0.00101
3.901,3.96148,0.001
3.902,3.96179,0.001
3.903,3.9621,0.00099
3.904,3.96242,0.00099
3.905,2.97181,0.00098
3.906,1.98121,0.00098
3.907,0.9906,0.00097
3.908,0,0.00097
3.909,0,0
3.91,0,0
3.911,0,0
3.912,0,0
3.913,0,0
3.914,0,0
3.915,0,0
3.916,0,0
3.917,0,0
3.918,0,0
3.919,0,0
3.92,0,0
3.921,0,0
3.922,0,0
3.923,0,0
3.924,0,0
3.925,0,0
3.926,0,0
3.927,0,0
3.928,0,0
3.929,0,0
3.93,0,0
3.931,0,0
3.932,0,0
3.933,0,0
3.934,0,0
3.935,0,0
3.936,0,0
3.937,0,0
3.938,0,0
3.939,0,0
3.94,0,0
3.941,0,0
3.942,0,0
3.943,0,0
3.944,0,0
3.945,0,0
3.946,0,0
3.947,0,0
3.948,0,0
3.949,0,0
3.95,0,0
3.951,0,0
3.952,0,0
3.953,0,0
3.954,0,0
3.955,0,0
3.956,0,0
3.957,0,0
3.958,0,0
3.959,0,0
3.96,0,0
3.961,0,0
3.962,0,0
3.963,0,0
3.964,0,0
3.965,0,0
3.966,0,0
3.967,0,0
3.968,0,0
3.969,0,0
3.97,0,0
3.971,0,0
3.972,0,0
3.973,0,0
3.974,0,0
3.975,0,0
3.976,0,0
3.977,0,0
3.978,0,0
3.979,0,0
3.98,0,0
3.981,0,0
3.982,0,0
3.983,0,0
3.984,0,0
3.985,0,0
3.986,0,0
3.987,0,0
3.988,0,0
3.989,0,0
3.99,0,0
3.991,0,0
3.992,0,0
3.993,0,0
3.994,0,0
3.995,0,0
3.996,0,0
3.997,0,0
3.998,0,0
3.999,0,0
4,0,0
4.001,0,0